Número;Solicitante;Estado;Prioridad;Asignado a;Abierto;Actualizado;Resuelto;Tiempo de trabajo;Horas snow;Horas Real;Horas Trabajo;Mes;Año;Actualizado definitivo;Cerrado;Abierto definitivo;Cerrado definitivo;Resuelto definitivo;Mes definitivo desde Cerrado definitivo
"INC1805869";"Solicitante 32";"Cancelado";"2 - Alta";"Asignado 2";"17/08/2023 10:01";"17/08/2023 10:03";"";0;0;;0;"ago";2023;2023-08-17 10:03:00,000;"17/08/2023 10:03";2023-08-17 10:01:00,000;2023-08-17 10:03:00,000;;"agosto"
"INC1837754";"Solicitante 36";"Cancelado";"5 - Muy Baja";"Asignado 3";"22/09/2023 11:12";"02/10/2023 18:32";"";5400;1,5;;1,5;"oct";2023;2023-10-02 18:32:00,000;"02/10/2023 18:32";2023-09-22 11:12:00,000;2023-10-02 18:32:00,000;;"octubre"
"INC1842465";"Solicitante 39";"Cancelado";"4 - Baja";"Asignado 4";"28/09/2023 10:15";"10/10/2023 14:59";"";9000;2,5;;2,5;"oct";2023;2023-10-10 14:59:00,000;"10/10/2023 14:59";2023-09-28 10:15:00,000;2023-10-10 14:59:00,000;;"octubre"
"INC1845806";"Solicitante 11";"Cancelado";"2 - Alta";"Asignado 1";"02/10/2023 12:23";"02/10/2023 13:06";"";0;0;;0;"oct";2023;2023-10-02 13:06:00,000;"02/10/2023 13:06";2023-10-02 12:23:00,000;2023-10-02 13:06:00,000;;"octubre"
"INC1850663";"Solicitante 6";"Cancelado";"2 - Alta";"Asignado 1";"06/10/2023 8:13";"06/10/2023 11:40";"";0;0;;0;"oct";2023;2023-10-06 11:40:00,000;"06/10/2023 11:40";2023-10-06 08:13:00,000;2023-10-06 11:40:00,000;;"octubre"
"INC1858001";"Solicitante 27";"Cancelado";"3 - Moderada";"Asignado 3";"17/10/2023 17:08";"03/11/2023 9:45";"";28800;8;;8;"nov";2023;2023-11-03 09:45:00,000;"03/11/2023 9:45";2023-10-17 17:08:00,000;2023-11-03 09:45:00,000;;"noviembre"
"INC1859931";"Solicitante 21";"Cancelado";"2 - Alta";"Asignado 1";"19/10/2023 15:20";"06/11/2023 11:43";"";0;0;;0;"No cerrada";2023;2023-11-06 11:43:00,000;"06/11/2023 11:43";2023-10-19 15:20:00,000;2023-11-06 11:43:00,000;;"noviembre"
"INC1869955";"Solicitante 32";"Cancelado";"4 - Baja";"Asignado 5";"31/10/2023 9:28";"06/11/2023 10:29";"";0;0;;0;"nov";2023;2023-11-06 10:29:00,000;"06/11/2023 10:29";2023-10-31 09:28:00,000;2023-11-06 10:29:00,000;;"noviembre"
"INC1880255";"Solicitante 21";"Cancelado";"4 - Baja";"Asignado 4";"13/11/2023 8:20";"20/11/2023 18:04";"";28800;8;;8;"nov";2023;2023-11-20 18:04:00,000;"20/11/2023 18:04";2023-11-13 08:20:00,000;2023-11-20 18:04:00,000;;"noviembre"
"INC1883187";"Solicitante 33";"Cancelado";"4 - Baja";"Asignado 5";"16/11/2023 9:11";"17/11/2023 14:06";"";0;0;;0;"ene";2024;2023-11-17 14:06:00,000;"17/11/2023 14:06";2023-11-16 09:11:00,000;2023-11-17 14:06:00,000;;"noviembre"
"INC1885494";"Solicitante 13";"Cancelado";"3 - Moderada";"Asignado 5";"20/11/2023 9:05";"20/11/2023 9:26";"";0;0;;0;"nov";2023;2023-11-20 09:26:00,000;"20/11/2023 9:26";2023-11-20 09:05:00,000;2023-11-20 09:26:00,000;;"noviembre"
"INC1885496";"Solicitante 38";"Cancelado";"2 - Alta";"Asignado 1";"20/11/2023 9:14";"20/11/2023 9:22";"";0;0;;0;"nov";2023;2023-11-20 09:22:00,000;"20/11/2023 9:22";2023-11-20 09:14:00,000;2023-11-20 09:22:00,000;;"noviembre"
"INC1885978";"Solicitante 13";"Cancelado";"3 - Moderada";"Asignado 2";"20/11/2023 16:03";"30/11/2023 13:58";"";21600;6;;6;"nov";2023;2023-11-30 13:58:00,000;"30/11/2023 13:58";2023-11-20 16:03:00,000;2023-11-30 13:58:00,000;;"noviembre"
"INC1888599";"Solicitante 4";"Cancelado";"3 - Moderada";"Asignado 4";"23/11/2023 8:50";"23/11/2023 9:19";"";0;0;;0;"nov";2023;2023-11-23 09:19:00,000;"23/11/2023 9:19";2023-11-23 08:50:00,000;2023-11-23 09:19:00,000;;"noviembre"
"INC1894730";"Solicitante 16";"Cancelado";"3 - Moderada";"Asignado 3";"30/11/2023 15:13";"15/12/2023 15:44";"";14400;4;;4;"dic";2023;2023-12-15 15:44:00,000;"15/12/2023 15:44";2023-11-30 15:13:00,000;2023-12-15 15:44:00,000;;"diciembre"
"INC1912483";"Solicitante 39";"Cancelado";"4 - Baja";"Asignado 1";"21/12/2023 10:30";"21/12/2023 11:16";"";0;0;;0;"dic";2023;2023-12-21 11:16:00,000;"21/12/2023 11:16";2023-12-21 10:30:00,000;2023-12-21 11:16:00,000;;"diciembre"
"INC1923613";"Solicitante 26";"Cancelado";"3 - Moderada";"Asignado 5";"12/01/2024 10:49";"16/01/2024 10:18";"";5400;1,5;;1,5;"ene";2024;2024-01-16 10:18:00,000;"16/01/2024 10:18";2024-01-12 10:49:00,000;2024-01-16 10:18:00,000;;"enero"
"INC1923620";"Solicitante 36";"Cancelado";"3 - Moderada";"Asignado 5";"12/01/2024 10:54";"29/01/2024 14:23";"";14400;4;;4;"ene";2024;2024-01-29 14:23:00,000;"29/01/2024 14:23";2024-01-12 10:54:00,000;2024-01-29 14:23:00,000;;"enero"
"INC1930678";"Solicitante 38";"Cancelado";"4 - Baja";"Asignado 2";"23/01/2024 21:57";"23/05/2024 13:36";"";7512;2,09;;2,09;"may";2024;2024-05-23 13:36:00,000;"23/05/2024 13:36";2024-01-23 21:57:00,000;2024-05-23 13:36:00,000;;"mayo"
"INC1931753";"Solicitante 31";"Cancelado";"4 - Baja";"Asignado 2";"24/01/2024 16:29";"20/03/2024 10:01";"";45900;12,75;;12,75;"mar";2024;2024-03-20 10:01:00,000;"20/03/2024 10:01";2024-01-24 16:29:00,000;2024-03-20 10:01:00,000;;"marzo"
"INC1932772";"Solicitante 22";"Cancelado";"5 - Muy Baja";"Asignado 5";"25/01/2024 22:39";"29/01/2024 17:10";"";600;0,17;;0,17;"ene";2024;2024-01-29 17:10:00,000;"29/01/2024 17:10";2024-01-25 22:39:00,000;2024-01-29 17:10:00,000;;"enero"
"INC1933276";"Solicitante 25";"Cancelado";"5 - Muy Baja";"Asignado 1";"26/01/2024 20:15";"29/01/2024 17:26";"";600;0,17;;0,17;"ene";2024;2024-01-29 17:26:00,000;"29/01/2024 17:26";2024-01-26 20:15:00,000;2024-01-29 17:26:00,000;;"enero"
"INC1934924";"Solicitante 28";"Cancelado";"3 - Moderada";"Asignado 2";"30/01/2024 8:22";"21/03/2024 10:33";"";10800;3;;3;"mar";2024;2024-03-21 10:33:00,000;"21/03/2024 10:33";2024-01-30 08:22:00,000;2024-03-21 10:33:00,000;;"marzo"
"INC1935233";"Solicitante 17";"Cancelado";"4 - Baja";"Asignado 2";"30/01/2024 12:31";"01/02/2024 9:51";"";900;0,25;;0,25;"feb";2024;2024-02-01 09:51:00,000;"01/02/2024 9:51";2024-01-30 12:31:00,000;2024-02-01 09:51:00,000;;"febrero"
"INC1954757";"Solicitante 1";"Cancelado";"3 - Moderada";"Asignado 5";"26/02/2024 16:35";"27/02/2024 17:39";"";14400;4;;4;"feb";2024;2024-02-27 17:39:00,000;"27/02/2024 17:39";2024-02-26 16:35:00,000;2024-02-27 17:39:00,000;;"febrero"
"INC1959893";"Solicitante 6";"Cancelado";"4 - Baja";"Asignado 4";"04/03/2024 12:09";"13/03/2024 13:08";"";10800;3;;3;"mar";2024;2024-03-13 13:08:00,000;"13/03/2024 13:08";2024-03-04 12:09:00,000;2024-03-13 13:08:00,000;;"marzo"
"INC1967632";"Solicitante 38";"Cancelado";"3 - Moderada";"Asignado 3";"11/03/2024 17:15";"12/03/2024 12:09";"";1800;0,5;;0,5;"ene";2024;2024-03-12 12:09:00,000;"12/03/2024 12:09";2024-03-11 17:15:00,000;2024-03-12 12:09:00,000;;"marzo"
"INC1982211";"Solicitante 37";"Cancelado";"3 - Moderada";"Asignado 5";"22/03/2024 10:28";"25/03/2024 10:22";"";1500;0,42;;0,42;"mar";2024;2024-03-25 10:22:00,000;"25/03/2024 10:22";2024-03-22 10:28:00,000;2024-03-25 10:22:00,000;;"marzo"
"INC1982580";"Solicitante 16";"Cancelado";"4 - Baja";"Asignado 2";"22/03/2024 18:04";"26/03/2024 10:57";"";1200;0,33;;0,33;"mar";2024;2024-03-26 10:57:00,000;"26/03/2024 10:57";2024-03-22 18:04:00,000;2024-03-26 10:57:00,000;;"marzo"
"INC1996826";"Solicitante 23";"Cancelado";"4 - Baja";"Asignado 1";"09/04/2024 20:38";"10/04/2024 16:59";"";900;0,25;;0,25;"abr";2024;2024-04-10 16:59:00,000;"10/04/2024 16:59";2024-04-09 20:38:00,000;2024-04-10 16:59:00,000;;"abril"
"INC1998936";"Solicitante 39";"Cancelado";"3 - Moderada";"Asignado 2";"11/04/2024 15:50";"19/04/2024 9:08";"";7200;2;;2;"abr";2024;2024-04-19 09:08:00,000;"19/04/2024 9:08";2024-04-11 15:50:00,000;2024-04-19 09:08:00,000;;"abril"
"INC2006119";"Solicitante 38";"Cancelado";"5 - Muy Baja";"Asignado 2";"18/04/2024 17:12";"25/04/2024 9:15";"";10800;3;;3;"abr";2024;2024-04-25 09:15:00,000;"25/04/2024 9:15";2024-04-18 17:12:00,000;2024-04-25 09:15:00,000;;"abril"
"INC2016069";"Solicitante 13";"Cancelado";"4 - Baja";"Asignado 5";"30/04/2024 8:56";"30/04/2024 16:10";"";0;0;;0;"abr";2024;2024-04-30 16:10:00,000;"30/04/2024 16:10";2024-04-30 08:56:00,000;2024-04-30 16:10:00,000;;"abril"
"INC2018005";"Solicitante 6";"Cancelado";"4 - Baja";"Asignado 5";"03/05/2024 9:27";"13/05/2024 9:10";"";10800;3;;3;"may";2024;2024-05-13 09:10:00,000;"13/05/2024 9:10";2024-05-03 09:27:00,000;2024-05-13 09:10:00,000;;"mayo"
"INC2026546";"Solicitante 39";"Cancelado";"2 - Alta";"Asignado 2";"13/05/2024 16:17";"14/05/2024 12:43";"";0;0;;0;"may";2024;2024-05-14 12:43:00,000;"14/05/2024 12:43";2024-05-13 16:17:00,000;2024-05-14 12:43:00,000;;"mayo"
"INC2027138";"Solicitante 12";"Cancelado";"5 - Muy Baja";"Asignado 5";"14/05/2024 8:49";"27/08/2024 10:27";"";3600;1;;1;"ago";2024;2024-08-27 10:27:00,000;"27/08/2024 10:27";2024-05-14 08:49:00,000;2024-08-27 10:27:00,000;;"agosto"
"INC2027402";"Solicitante 12";"Cancelado";"4 - Baja";"Asignado 5";"14/05/2024 12:35";"22/05/2024 13:52";"";0;0;;0;"may";2023;2024-05-22 13:52:00,000;"22/05/2024 13:52";2024-05-14 12:35:00,000;2024-05-22 13:52:00,000;;"mayo"
"INC2043102";"Solicitante 11";"Cancelado";"3 - Moderada";"Asignado 3";"28/05/2024 12:13";"03/06/2024 12:28";"";0;0;;0;"jun";2024;2024-06-03 12:28:00,000;"03/06/2024 12:28";2024-05-28 12:13:00,000;2024-06-03 12:28:00,000;;"junio"
"INC2044262";"Solicitante 11";"Cancelado";"2 - Alta";"Asignado 1";"29/05/2024 10:50";"29/05/2024 16:46";"";420;0,12;;0,12;"may";2024;2024-05-29 16:46:00,000;"29/05/2024 16:46";2024-05-29 10:50:00,000;2024-05-29 16:46:00,000;;"mayo"
"INC2044697";"Solicitante 2";"Cancelado";"3 - Moderada";"Asignado 2";"29/05/2024 16:56";"30/05/2024 15:29";"";900;0,25;;0,25;"may";2024;2024-05-30 15:29:00,000;"30/05/2024 15:29";2024-05-29 16:56:00,000;2024-05-30 15:29:00,000;;"mayo"
"INC2053871";"Solicitante 25";"Cancelado";"3 - Moderada";"Asignado 4";"06/06/2024 12:15";"06/06/2024 12:37";"";0;0;;0;"No cerrada";2024;2024-06-06 12:37:00,000;"06/06/2024 12:37";2024-06-06 12:15:00,000;2024-06-06 12:37:00,000;;"junio"
"INC2055147";"Solicitante 18";"Cancelado";"4 - Baja";"Asignado 2";"07/06/2024 9:40";"10/06/2024 10:21";"";0;0;;0;"jun";2024;2024-06-10 10:21:00,000;"10/06/2024 10:21";2024-06-07 09:40:00,000;2024-06-10 10:21:00,000;;"junio"
"INC2060380";"Solicitante 24";"Cancelado";"2 - Alta";"Asignado 5";"12/06/2024 8:11";"12/06/2024 9:27";"";0;0;;0;"may";2024;2024-06-12 09:27:00,000;"12/06/2024 9:27";2024-06-12 08:11:00,000;2024-06-12 09:27:00,000;;"junio"
"INC2061428";"Solicitante 33";"Cancelado";"3 - Moderada";"Asignado 5";"13/06/2024 0:55";"14/06/2024 7:48";"";300;0,08;;0,08;"jun";2024;2024-06-14 07:48:00,000;"14/06/2024 7:48";2024-06-13 00:55:00,000;2024-06-14 07:48:00,000;;"junio"
"INC2061712";"Solicitante 29";"Cancelado";"3 - Moderada";"Asignado 3";"13/06/2024 8:11";"13/06/2024 9:13";"";300;0,08;;0,08;"jun";2024;2024-06-13 09:13:00,000;"13/06/2024 9:13";2024-06-13 08:11:00,000;2024-06-13 09:13:00,000;;"junio"
"INC2062047";"Solicitante 13";"Cancelado";"3 - Moderada";"Asignado 2";"13/06/2024 12:38";"13/06/2024 12:42";"";0;0;;0;"jun";2024;2024-06-13 12:42:00,000;"13/06/2024 12:42";2024-06-13 12:38:00,000;2024-06-13 12:42:00,000;;"junio"
"INC2066383";"Solicitante 5";"Cancelado";"4 - Baja";"Asignado 2";"18/06/2024 10:12";"18/07/2024 8:45";"";22200;6,17;;6,17;"jul";2024;2024-07-18 08:45:00,000;"18/07/2024 8:45";2024-06-18 10:12:00,000;2024-07-18 08:45:00,000;;"julio"
"INC2080480";"Solicitante 36";"Cancelado";"4 - Baja";"Asignado 5";"24/06/2024 20:27";"26/06/2024 15:45";"";7200;2;;2;"jun";2024;2024-06-26 15:45:00,000;"26/06/2024 15:45";2024-06-24 20:27:00,000;2024-06-26 15:45:00,000;;"junio"
"INC2084086";"Solicitante 27";"Cancelado";"3 - Moderada";"Asignado 4";"28/06/2024 0:03";"01/07/2024 18:16";"";3600;1;;1;"jul";2024;2024-07-01 18:16:00,000;"01/07/2024 18:16";2024-06-28 00:03:00,000;2024-07-01 18:16:00,000;;"julio"
"INC2086779";"Solicitante 3";"Cancelado";"4 - Baja";"Asignado 4";"01/07/2024 18:00";"02/07/2024 10:01";"";1800;0,5;;0,5;"jul";2024;2024-07-02 10:01:00,000;"02/07/2024 10:01";2024-07-01 18:00:00,000;2024-07-02 10:01:00,000;;"julio"
"INC2100121";"Solicitante 33";"Cancelado";"3 - Moderada";"Asignado 4";"17/07/2024 13:36";"18/07/2024 10:55";"";0;0;;0;"jul";2023;2024-07-18 10:55:00,000;"18/07/2024 10:55";2024-07-17 13:36:00,000;2024-07-18 10:55:00,000;;"julio"
"INC2100285";"Solicitante 13";"Cancelado";"3 - Moderada";"Asignado 3";"17/07/2024 15:14";"18/07/2024 9:00";"";0;0;;0;"jul";2024;2024-07-18 09:00:00,000;"18/07/2024 9:00";2024-07-17 15:14:00,000;2024-07-18 09:00:00,000;;"julio"
"INC2108104";"Solicitante 28";"Cancelado";"5 - Muy Baja";"Asignado 5";"24/07/2024 11:34";"29/07/2024 14:56";"";300;0,08;;0,08;"jul";2024;2024-07-29 14:56:00,000;"29/07/2024 14:56";2024-07-24 11:34:00,000;2024-07-29 14:56:00,000;;"julio"
"INC2125172";"Solicitante 9";"Cancelado";"5 - Muy Baja";"Asignado 3";"09/08/2024 3:08";"04/09/2024 9:04";"";12600;3,5;;3,5;"sept";2024;2024-09-04 09:04:00,000;"04/09/2024 9:04";2024-08-09 03:08:00,000;2024-09-04 09:04:00,000;;"septiembre"
"INC2140676";"Solicitante 3";"Cancelado";"3 - Moderada";"Asignado 3";"23/08/2024 9:59";"26/08/2024 11:25";"";300;0,08;;0,08;"ago";2024;2024-08-26 11:25:00,000;"26/08/2024 11:25";2024-08-23 09:59:00,000;2024-08-26 11:25:00,000;;"agosto"
"INC2150820";"Solicitante 31";"Cancelado";"2 - Alta";"Asignado 2";"02/09/2024 15:25";"03/09/2024 15:06";"";7200;2;;2;"sept";2024;2024-09-03 15:06:00,000;"03/09/2024 15:06";2024-09-02 15:25:00,000;2024-09-03 15:06:00,000;;"septiembre"
"INC2172529";"Solicitante 1";"Cancelado";"3 - Moderada";"Asignado 1";"19/09/2024 17:00";"02/10/2024 10:30";"";3600;1;;1;"oct";2024;2024-10-02 10:30:00,000;"02/10/2024 10:30";2024-09-19 17:00:00,000;2024-10-02 10:30:00,000;;"octubre"
"INC2180051";"Solicitante 5";"Cancelado";"2 - Alta";"Asignado 1";"25/09/2024 11:27";"25/09/2024 11:49";"";0;0;;0;"sept";2024;2024-09-25 11:49:00,000;"25/09/2024 11:49";2024-09-25 11:27:00,000;2024-09-25 11:49:00,000;;"septiembre"
"INC2180068";"Solicitante 13";"Cancelado";"2 - Alta";"Asignado 4";"25/09/2024 11:40";"25/09/2024 11:55";"";0;0;;0;"jul";2024;2024-09-25 11:55:00,000;"25/09/2024 11:55";2024-09-25 11:40:00,000;2024-09-25 11:55:00,000;;"septiembre"
"INC2185497";"Solicitante 1";"Cancelado";"2 - Alta";"Asignado 1";"03/10/2024 8:44";"03/10/2024 9:00";"";0;0;;0;"oct";2024;2024-10-03 09:00:00,000;"03/10/2024 9:00";2024-10-03 08:44:00,000;2024-10-03 09:00:00,000;;"octubre"
"INC2186238";"Solicitante 22";"Cancelado";"3 - Moderada";"Asignado 2";"04/10/2024 8:28";"04/10/2024 9:54";"";0;0;;0;"No aplica";2024;2024-10-04 09:54:00,000;"04/10/2024 9:54";2024-10-04 08:28:00,000;2024-10-04 09:54:00,000;;"octubre"
"INC2188364";"Solicitante 11";"Cancelado";"3 - Moderada";"Asignado 3";"07/10/2024 8:21";"07/10/2024 11:38";"";0;0;;0;"oct";2024;2024-10-07 11:38:00,000;"07/10/2024 11:38";2024-10-07 08:21:00,000;2024-10-07 11:38:00,000;;"octubre"
"INC2191671";"Solicitante 23";"Cancelado";"4 - Baja";"Asignado 1";"09/10/2024 15:53";"10/10/2024 12:07";"";1800;0,5;;0,5;"oct";2024;2024-10-10 12:07:00,000;"10/10/2024 12:07";2024-10-09 15:53:00,000;2024-10-10 12:07:00,000;;"octubre"
"INC2200386";"Solicitante 10";"Cancelado";"4 - Baja";"Asignado 2";"17/10/2024 1:32";"23/10/2024 9:26";"";480;0,13;;0,13;"oct";2024;2024-10-23 09:26:00,000;"23/10/2024 9:26";2024-10-17 01:32:00,000;2024-10-23 09:26:00,000;;"octubre"
"INC2200387";"Solicitante 35";"Cancelado";"4 - Baja";"Asignado 5";"17/10/2024 1:33";"23/10/2024 9:25";"";420;0,12;;0,12;"No cerrada";2024;2024-10-23 09:25:00,000;"23/10/2024 9:25";2024-10-17 01:33:00,000;2024-10-23 09:25:00,000;;"octubre"
"INC2203609";"Solicitante 6";"Cancelado";"3 - Moderada";"Asignado 1";"18/10/2024 19:05";"21/10/2024 8:42";"";60;0,02;;0,02;"oct";2024;2024-10-21 08:42:00,000;"21/10/2024 8:42";2024-10-18 19:05:00,000;2024-10-21 08:42:00,000;;"octubre"
"INC2209982";"Solicitante 10";"Cancelado";"3 - Moderada";"Asignado 3";"23/10/2024 15:40";"26/11/2024 14:40";"";41400;11,62;;11,62;"mar";2024;2024-11-26 14:40:00,000;"26/11/2024 14:40";2024-10-23 15:40:00,000;2024-11-26 14:40:00,000;;"noviembre"
"INC2216540";"Solicitante 10";"Cancelado";"4 - Baja";"Asignado 3";"29/10/2024 14:01";"29/10/2024 14:53";"";3600;1;;1;"oct";2024;2024-10-29 14:53:00,000;"29/10/2024 14:53";2024-10-29 14:01:00,000;2024-10-29 14:53:00,000;;"octubre"
"INC2216830";"Solicitante 29";"Cancelado";"3 - Moderada";"Asignado 5";"29/10/2024 19:38";"04/11/2024 9:07";"";1201;0,33;;0,33;"nov";2024;2024-11-04 09:07:00,000;"04/11/2024 9:07";2024-10-29 19:38:00,000;2024-11-04 09:07:00,000;;"noviembre"
"INC2225198";"Solicitante 12";"Cancelado";"2 - Alta";"Asignado 3";"06/11/2024 8:06";"11/11/2024 10:10";"";21600;6;;6;"nov";2024;2024-11-11 10:10:00,000;"11/11/2024 10:10";2024-11-06 08:06:00,000;2024-11-11 10:10:00,000;;"noviembre"
"INC2225282";"Solicitante 27";"Cancelado";"3 - Moderada";"Asignado 2";"06/11/2024 8:59";"08/11/2024 9:16";"";900;0,25;;0,25;"nov";2024;2024-11-08 09:16:00,000;"08/11/2024 9:16";2024-11-06 08:59:00,000;2024-11-08 09:16:00,000;;"noviembre"
"INC2233569";"Solicitante 24";"Cancelado";"3 - Moderada";"Asignado 3";"14/11/2024 8:26";"14/11/2024 9:29";"";0;0;;0;"ene";2024;2024-11-14 09:29:00,000;"14/11/2024 9:29";2024-11-14 08:26:00,000;2024-11-14 09:29:00,000;;"noviembre"
"INC2237635";"Solicitante 17";"Cancelado";"2 - Alta";"Asignado 3";"18/11/2024 9:14";"18/11/2024 9:54";"";0;0;;0;"nov";2024;2024-11-18 09:54:00,000;"18/11/2024 9:54";2024-11-18 09:14:00,000;2024-11-18 09:54:00,000;;"noviembre"
"INC2243387";"Solicitante 20";"Cancelado";"3 - Moderada";"Asignado 3";"22/11/2024 12:42";"26/11/2024 11:12";"";1800;0,5;;0,5;"nov";2024;2024-11-26 11:12:00,000;"26/11/2024 11:12";2024-11-22 12:42:00,000;2024-11-26 11:12:00,000;;"noviembre"
"INC2249272";"Solicitante 32";"Cancelado";"3 - Moderada";"Asignado 3";"26/11/2024 12:32";"13/12/2024 9:23";"";1200;0,33;;0,33;"dic";2024;2024-12-13 09:23:00,000;"13/12/2024 9:23";2024-11-26 12:32:00,000;2024-12-13 09:23:00,000;;"diciembre"
"INC2264574";"Solicitante 15";"Cancelado";"3 - Moderada";"Asignado 1";"10/12/2024 17:11";"12/12/2024 16:43";"";2400;0,67;;0,67;"dic";2024;2024-12-12 16:43:00,000;"12/12/2024 16:43";2024-12-10 17:11:00,000;2024-12-12 16:43:00,000;;"diciembre"
"INC2265939";"Solicitante 35";"Cancelado";"4 - Baja";"Asignado 5";"11/12/2024 10:55";"11/12/2024 15:26";"";0;0;;0;"nov";2024;2024-12-11 15:26:00,000;"11/12/2024 15:26";2024-12-11 10:55:00,000;2024-12-11 15:26:00,000;;"diciembre"
"INC2271157";"Solicitante 36";"Cancelado";"5 - Muy Baja";"Asignado 4";"16/12/2024 16:55";"14/01/2025 15:01";"";0;0;;0;"ene";2025;2025-01-14 15:01:00,000;"14/01/2025 15:01";2024-12-16 16:55:00,000;2025-01-14 15:01:00,000;;"enero"
"INC2275619";"Solicitante 21";"Cancelado";"5 - Muy Baja";"Asignado 5";"20/12/2024 13:32";"14/05/2025 15:43";"";119460;33,18;;33,18;"may";2025;2025-05-14 15:43:00,000;"14/05/2025 15:43";2024-12-20 13:32:00,000;2025-05-14 15:43:00,000;;"mayo"
"INC2282473";"Solicitante 19";"Cancelado";"3 - Moderada";"Asignado 3";"03/01/2025 8:00";"03/01/2025 9:05";"";0;0;;0;"ene";2025;2025-01-03 09:05:00,000;"03/01/2025 9:05";2025-01-03 08:00:00,000;2025-01-03 09:05:00,000;;"enero"
"INC2287200";"Solicitante 25";"Cancelado";"3 - Moderada";"Asignado 2";"09/01/2025 9:23";"31/01/2025 13:07";"";12600;3,5;;3,5;"No cerrada";2025;2025-01-31 13:07:00,000;"31/01/2025 13:07";2025-01-09 09:23:00,000;2025-01-31 13:07:00,000;;"enero"
"INC2287911";"Solicitante 16";"Cancelado";"3 - Moderada";"Asignado 1";"09/01/2025 22:42";"10/01/2025 14:19";"";0;0;;0;"ene";2025;2025-01-10 14:19:00,000;"10/01/2025 14:19";2025-01-09 22:42:00,000;2025-01-10 14:19:00,000;;"enero"
"INC2291147";"Solicitante 23";"Cancelado";"3 - Moderada";"Asignado 5";"13/01/2025 11:06";"14/02/2025 10:34";"";18000;5;;5;"feb";2025;2025-02-14 10:34:00,000;"14/02/2025 10:34";2025-01-13 11:06:00,000;2025-02-14 10:34:00,000;;"febrero"
"INC2291365";"Solicitante 22";"Cancelado";"3 - Moderada";"Asignado 1";"13/01/2025";"13/01/2025 14:27";"";300;0,08;;0,08;"feb";2024;2025-01-13 14:27:00,000;"13/01/2025 14:27";2025-01-13 00:00:00,000;2025-01-13 14:27:00,000;;"enero"
"INC2292685";"Solicitante 18";"Cancelado";"5 - Muy Baja";"Asignado 3";"14/01/2025 16:25";"15/01/2025 8:48";"";60;0,02;;0,02;"ene";2025;2025-01-15 08:48:00,000;"15/01/2025 8:48";2025-01-14 16:25:00,000;2025-01-15 08:48:00,000;;"enero"
"INC2295268";"Solicitante 12";"Cancelado";"4 - Baja";"Asignado 4";"16/01/2025 16:53";"20/01/2025 10:43";"";603;0,17;;0,17;"ene";2025;2025-01-20 10:43:00,000;"20/01/2025 10:43";2025-01-16 16:53:00,000;2025-01-20 10:43:00,000;;"enero"
"INC2298550";"Solicitante 31";"Cancelado";"4 - Baja";"Asignado 4";"20/01/2025 11:18";"31/01/2025 11:39";"";5400;1,5;;1,5;"ene";2025;2025-01-31 11:39:00,000;"31/01/2025 11:39";2025-01-20 11:18:00,000;2025-01-31 11:39:00,000;;"enero"
"INC2308575";"Solicitante 19";"Cancelado";"4 - Baja";"Asignado 3";"28/01/2025 15:34";"29/04/2025 9:13";"";22500;6,25;;6,25;"abr";2025;2025-04-29 09:13:00,000;"29/04/2025 9:13";2025-01-28 15:34:00,000;2025-04-29 09:13:00,000;;"abril"
"INC2310049";"Solicitante 3";"Cancelado";"4 - Baja";"Asignado 3";"29/01/2025 12:33";"13/02/2025 15:58";"";1800;0,5;;0,5;"feb";2025;2025-02-13 15:58:00,000;"13/02/2025 15:58";2025-01-29 12:33:00,000;2025-02-13 15:58:00,000;;"febrero"
"INC2323605";"Solicitante 4";"Cancelado";"4 - Baja";"Asignado 2";"10/02/2025 19:24";"14/04/2025 10:23";"";5400;1,5;;1,5;"abr";2025;2025-04-14 10:23:00,000;"14/04/2025 10:23";2025-02-10 19:24:00,000;2025-04-14 10:23:00,000;;"abril"
"INC2325035";"Solicitante 37";"Cancelado";"3 - Moderada";"Asignado 3";"12/02/2025 0:06";"17/02/2025 9:59";"";600;0,17;;0,17;"feb";2025;2025-02-17 09:59:00,000;"17/02/2025 9:59";2025-02-12 00:06:00,000;2025-02-17 09:59:00,000;;"febrero"
"INC2327120";"Solicitante 39";"Cancelado";"3 - Moderada";"Asignado 4";"13/02/2025 11:30";"14/02/2025 11:14";"";1368;0,38;;0,38;"feb";2025;2025-02-14 11:14:00,000;"14/02/2025 11:14";2025-02-13 11:30:00,000;2025-02-14 11:14:00,000;;"febrero"
"INC2327807";"Solicitante 6";"Cancelado";"3 - Moderada";"Asignado 4";"13/02/2025 22:09";"14/02/2025 10:21";"";300;0,08;;0,08;"2";2025;2025-02-14 10:21:00,000;"14/02/2025 10:21";2025-02-13 22:09:00,000;2025-02-14 10:21:00,000;;"febrero"
"INC2330867";"Solicitante 25";"Cancelado";"5 - Muy Baja";"Asignado 2";"17/02/2025 15:20";"18/02/2025 15:01";"";922;0,26;;0,26;"feb";2025;2025-02-18 15:01:00,000;"18/02/2025 15:01";2025-02-17 15:20:00,000;2025-02-18 15:01:00,000;;"febrero"
"INC2332500";"Solicitante 18";"Cancelado";"5 - Muy Baja";"Asignado 5";"18/02/2025 15:16";"19/02/2025 14:58";"";561;0,16;;0,16;"feb";2025;2025-02-19 14:58:00,000;"19/02/2025 14:58";2025-02-18 15:16:00,000;2025-02-19 14:58:00,000;;"febrero"
"INC2336059";"Solicitante 31";"Cancelado";"2 - Alta";"Asignado 3";"21/02/2025 8:39";"21/02/2025 8:42";"";0;0;;0;"feb";2025;2025-02-21 08:42:00,000;"21/02/2025 8:42";2025-02-21 08:39:00,000;2025-02-21 08:42:00,000;;"febrero"
"INC2336262";"Solicitante 28";"Cancelado";"3 - Moderada";"Asignado 4";"21/02/2025 11:45";"31/03/2025 9:19";"";21600;6;;6;"3";2025;2025-03-31 09:19:00,000;"31/03/2025 9:19";2025-02-21 11:45:00,000;2025-03-31 09:19:00,000;;"marzo"
"INC2338322";"Solicitante 38";"Cancelado";"5 - Muy Baja";"Asignado 5";"24/02/2025";"24/02/2025 14:00";"";0;0;;0;"feb";2025;2025-02-24 14:00:00,000;"24/02/2025 14:00";2025-02-24 00:00:00,000;2025-02-24 14:00:00,000;;"febrero"
"INC2367594";"Solicitante 18";"Cancelado";"4 - Baja";"Asignado 1";"20/03/2025 15:36";"24/03/2025 16:53";"";600;0,17;;0,17;"mar";2025;2025-03-24 16:53:00,000;"24/03/2025 16:53";2025-03-20 15:36:00,000;2025-03-24 16:53:00,000;;"marzo"
"INC2368232";"Solicitante 13";"Cancelado";"3 - Moderada";"Asignado 5";"21/03/2025 8:33";"28/03/2025 13:39";"";2400;0,67;;0,67;"mar";2025;2025-03-28 13:39:00,000;"28/03/2025 13:39";2025-03-21 08:33:00,000;2025-03-28 13:39:00,000;;"marzo"
"INC2372477";"Solicitante 35";"Cancelado";"5 - Muy Baja";"Asignado 5";"25/03/2025 11:08";"07/04/2025 9:03";"";0;0;;0;"abr";2025;2025-04-07 09:03:00,000;"07/04/2025 9:03";2025-03-25 11:08:00,000;2025-04-07 09:03:00,000;;"abril"
"INC2375259";"Solicitante 22";"Cancelado";"4 - Baja";"Asignado 4";"27/03/2025 20:26";"28/03/2025 8:55";"";0;0;;0;"mar";2025;2025-03-28 08:55:00,000;"28/03/2025 8:55";2025-03-27 20:26:00,000;2025-03-28 08:55:00,000;;"marzo"
"INC2378664";"Solicitante 25";"Cancelado";"3 - Moderada";"Asignado 2";"01/04/2025 8:51";"04/04/2025 10:09";"";1500;0,42;;0,42;"abr";2025;2025-04-04 10:09:00,000;"04/04/2025 10:09";2025-04-01 08:51:00,000;2025-04-04 10:09:00,000;;"abril"
"INC2382145";"Solicitante 23";"Cancelado";"4 - Baja";"Asignado 4";"03/04/2025 17:20";"03/04/2025 17:41";"";0;0;;0;"abr";2024;2025-04-03 17:41:00,000;"03/04/2025 17:41";2025-04-03 17:20:00,000;2025-04-03 17:41:00,000;;"abril"
"INC2387707";"Solicitante 39";"Cancelado";"4 - Baja";"Asignado 2";"09/04/2025 23:42";"10/04/2025 8:47";"";300;0,08;;0,08;"abr";2025;2025-04-10 08:47:00,000;"10/04/2025 8:47";2025-04-09 23:42:00,000;2025-04-10 08:47:00,000;;"abril"
"INC2392481";"Solicitante 38";"Cancelado";"3 - Moderada";"Asignado 4";"15/04/2025 8:53";"15/04/2025 13:08";"";1200;0,33;;0,33;"abr";2025;2025-04-15 13:08:00,000;"15/04/2025 13:08";2025-04-15 08:53:00,000;2025-04-15 13:08:00,000;;"abril"
"INC2398257";"Solicitante 36";"Cancelado";"4 - Baja";"Asignado 5";"24/04/2025 8:18";"28/04/2025 11:55";"";28800;8;;8;"may";2025;2025-04-28 11:55:00,000;"28/04/2025 11:55";2025-04-24 08:18:00,000;2025-04-28 11:55:00,000;;"abril"
"INC2402031";"Solicitante 15";"Cancelado";"2 - Alta";"Asignado 5";"28/04/2025 19:42";"13/05/2025 8:54";"";0;0;;0;"may";2025;2025-05-13 08:54:00,000;"13/05/2025 8:54";2025-04-28 19:42:00,000;2025-05-13 08:54:00,000;;"mayo"
"INC2404222";"Solicitante 34";"Cancelado";"4 - Baja";"Asignado 5";"29/04/2025 8:33";"23/05/2025 9:21";"";51960;14,43;;14,43;"may";2025;2025-05-23 09:21:00,000;"23/05/2025 9:21";2025-04-29 08:33:00,000;2025-05-23 09:21:00,000;;"mayo"
"INC2412058";"Solicitante 1";"Cancelado";"4 - Baja";"Asignado 3";"07/05/2025 10:44";"15/05/2025 9:15";"";41460;23,12;;23,12;"may";2025;2025-05-15 09:15:00,000;"07/05/2025 12:05";2025-05-07 10:44:00,000;2025-05-07 12:05:00,000;;"mayo"
"INC2413150";"Solicitante 34";"Cancelado";"3 - Moderada";"Asignado 3";"08/05/2025 12:32";"08/05/2025 12:49";"";0;0;;0;"abr";2025;2025-05-08 12:49:00,000;"08/05/2025 12:49";2025-05-08 12:32:00,000;2025-05-08 12:49:00,000;;"mayo"
"INC2005711";"Solicitante 28";"Cerrado";"3 - Moderada";"Asignado 3";"18/04/2024 11:31";"06/05/2024 14:00";"lunes, 29 de abril de 2024";18000;5;;5;"mar";2024;2024-05-06 14:00:00,000;"06/05/2024 14:00";2024-04-18 11:31:00,000;2024-05-06 14:00:00,000;;"mayo"
"INC1805800";"Solicitante 17";"Cerrado";"2 - Alta";"Asignado 4";"17/08/2023 8:18";"24/08/2023 9:49";"21/08/2023 12:10";25500;7,08;;7,08;"No cerrada";2023;2023-08-24 09:49:00,000;"24/08/2023 9:49";2023-08-17 08:18:00,000;2023-08-24 09:49:00,000;2023-08-21 12:10:00,000;"agosto"
"INC1841417";"Solicitante 3";"Cerrado";"2 - Alta";"Asignado 1";"27/09/2023 9:30";"07/11/2023 13:00";"31/10/2023 12:57";43200;12;;12;"oct";2023;2023-11-07 13:00:00,000;"07/11/2023 13:00";2023-09-27 09:30:00,000;2023-11-07 13:00:00,000;2023-10-31 12:57:00,000;"noviembre"
"INC1856547";"Solicitante 29";"Cerrado";"1 - Crítica";"Asignado 4";"16/10/2023 11:56";"26/10/2023 17:00";"19/10/2023 16:27";30600;8,5;;8,5;"oct";2023;2023-10-26 17:00:00,000;"26/10/2023 17:00";2023-10-16 11:56:00,000;2023-10-26 17:00:00,000;2023-10-19 16:27:00,000;"octubre"
"INC1856625";"Solicitante 22";"Cerrado";"2 - Alta";"Asignado 4";"16/10/2023 13:08";"26/10/2023 17:00";"19/10/2023 16:27";9000;2,5;;2,5;"oct";2023;2023-10-26 17:00:00,000;"26/10/2023 17:00";2023-10-16 13:08:00,000;2023-10-26 17:00:00,000;2023-10-19 16:27:00,000;"octubre"
"INC1858159";"Solicitante 38";"Cerrado";"5 - Muy Baja";"Asignado 5";"17/10/2023 20:41";"30/10/2023 10:00";"23/10/2023 10:23";3660;1,02;;1,02;"oct";2023;2023-10-30 10:00:00,000;"30/10/2023 10:00";2023-10-17 20:41:00,000;2023-10-30 10:00:00,000;2023-10-23 10:23:00,000;"octubre"
"INC1860796";"Solicitante 23";"Cerrado";"2 - Alta";"Asignado 5";"20/10/2023 13:07";"07/11/2023 11:00";"31/10/2023 10:02";7260;2,02;;2,02;"nov";2023;2023-11-07 11:00:00,000;"07/11/2023 11:00";2023-10-20 13:07:00,000;2023-11-07 11:00:00,000;2023-10-31 10:02:00,000;"noviembre"
"INC1869096";"Solicitante 19";"Cerrado";"1 - Crítica";"Asignado 5";"30/10/2023 11:41";"07/11/2023 17:00";"31/10/2023 16:10";5400;1,5;;1,5;"oct";2023;2023-11-07 17:00:00,000;"07/11/2023 17:00";2023-10-30 11:41:00,000;2023-11-07 17:00:00,000;2023-10-31 16:10:00,000;"noviembre"
"INC1869846";"Solicitante 17";"Cerrado";"1 - Crítica";"Asignado 1";"31/10/2023 8:35";"10/11/2023 10:00";"03/11/2023 9:54";9000;2,5;;2,5;"nov";2023;2023-11-10 10:00:00,000;"10/11/2023 10:00";2023-10-31 08:35:00,000;2023-11-10 10:00:00,000;2023-11-03 09:54:00,000;"noviembre"
"INC1882520";"Solicitante 6";"Cerrado";"5 - Muy Baja";"Asignado 2";"15/11/2023 10:48";"25/12/2023 13:00";"18/12/2023 12:05";7200;2;;2;"dic";2023;2023-12-25 13:00:00,000;"25/12/2023 13:00";2023-11-15 10:48:00,000;2023-12-25 13:00:00,000;2023-12-18 12:05:00,000;"diciembre"
"INC1915467";"Solicitante 25";"Cerrado";"5 - Muy Baja";"Asignado 3";"28/12/2023 9:31";"22/01/2024 10:00";"15/01/2024 9:42";25200;7;;7;"ene";2023;2024-01-22 10:00:00,000;"22/01/2024 10:00";2023-12-28 09:31:00,000;2024-01-22 10:00:00,000;2024-01-15 09:42:00,000;"enero"
"INC1920929";"Solicitante 40";"Cerrado";"5 - Muy Baja";"Asignado 5";"08/01/2024 20:10";"12/01/2024 17:39";"10/01/2024 16:53";3660;1,02;;1,02;"ene";2024;2024-01-12 17:39:00,000;"12/01/2024 17:39";2024-01-08 20:10:00,000;2024-01-12 17:39:00,000;2024-01-10 16:53:00,000;"enero"
"INC1922871";"Solicitante 30";"Cerrado";"5 - Muy Baja";"Asignado 1";"11/01/2024 10:06";"23/01/2024 21:00";"16/01/2024 20:24";10800;3;;3;"ene";2024;2024-01-23 21:00:00,000;"23/01/2024 21:00";2024-01-11 10:06:00,000;2024-01-23 21:00:00,000;2024-01-16 20:24:00,000;"enero"
"INC1930354";"Solicitante 4";"Cerrado";"5 - Muy Baja";"Asignado 3";"23/01/2024 13:09";"02/02/2024 13:00";"26/01/2024 12:00";19800;5,5;;5,5;"ene";2024;2024-02-02 13:00:00,000;"02/02/2024 13:00";2024-01-23 13:09:00,000;2024-02-02 13:00:00,000;2024-01-26 12:00:00,000;"febrero"
"INC1932558";"Solicitante 8";"Cerrado";"2 - Alta";"Asignado 4";"25/01/2024 16:18";"02/02/2024 12:00";"26/01/2024 11:30";2700;0,75;;0,75;"ene";2024;2024-02-02 12:00:00,000;"02/02/2024 12:00";2024-01-25 16:18:00,000;2024-02-02 12:00:00,000;2024-01-26 11:30:00,000;"febrero"
"INC1935988";"Solicitante 32";"Cerrado";"5 - Muy Baja";"Asignado 5";"31/01/2024 10:58";"01/03/2024 13:00";"23/02/2024 12:48";32400;9;;9;"feb";2024;2024-03-01 13:00:00,000;"01/03/2024 13:00";2024-01-31 10:58:00,000;2024-03-01 13:00:00,000;2024-02-23 12:48:00,000;"marzo"
"INC1949704";"Solicitante 34";"Cerrado";"5 - Muy Baja";"Asignado 1";"20/02/2024 9:30";"27/02/2024 12:00";"20/02/2024 11:51";660;0,18;;0,18;"feb";2024;2024-02-27 12:00:00,000;"27/02/2024 12:00";2024-02-20 09:30:00,000;2024-02-27 12:00:00,000;2024-02-20 11:51:00,000;"febrero"
"INC1949962";"Solicitante 26";"Cerrado";"2 - Alta";"Asignado 1";"20/02/2024 13:08";"26/03/2024 13:16";"25/03/2024 14:08";54000;15;;15;"mar";2024;2024-03-26 13:16:00,000;"26/03/2024 13:16";2024-02-20 13:08:00,000;2024-03-26 13:16:00,000;2024-03-25 14:08:00,000;"marzo"
"INC1968967";"Solicitante 3";"Cerrado";"2 - Alta";"Asignado 3";"13/03/2024 9:17";"19/03/2024 10:32";"19/03/2024 8:31";0;0;;0;"No cerrada";2024;2024-03-19 10:32:00,000;"19/03/2024 10:32";2024-03-13 09:17:00,000;2024-03-19 10:32:00,000;2024-03-19 08:31:00,000;"marzo"
"INC1976092";"Solicitante 11";"Cerrado";"5 - Muy Baja";"Asignado 4";"21/03/2024 12:59";"18/04/2024 13:00";"11/04/2024 12:22";6000;1,67;;1,67;"abr";2024;2024-04-18 13:00:00,000;"18/04/2024 13:00";2024-03-21 12:59:00,000;2024-04-18 13:00:00,000;2024-04-11 12:22:00,000;"abril"
"INC1982226";"Solicitante 4";"Cerrado";"5 - Muy Baja";"Asignado 1";"22/03/2024 10:41";"01/04/2024 12:00";"25/03/2024 10:53";2100;0,58;;0,58;"mar";2024;2024-04-01 12:00:00,000;"01/04/2024 12:00";2024-03-22 10:41:00,000;2024-04-01 12:00:00,000;2024-03-25 10:53:00,000;"abril"
"INC1985342";"Solicitante 35";"Cerrado";"5 - Muy Baja";"Asignado 5";"26/03/2024 16:48";"12/06/2024 12:00";"05/06/2024 11:50";45000;12,5;;12,5;"jun";2024;2024-06-12 12:00:00,000;"12/06/2024 12:00";2024-03-26 16:48:00,000;2024-06-12 12:00:00,000;2024-06-05 11:50:00,000;"junio"
"INC1988638";"Solicitante 18";"Cerrado";"5 - Muy Baja";"Asignado 3";"01/04/2024 11:34";"21/05/2024 18:00";"14/05/2024 17:54";53400;22,83;;22,83;"may";2024;2024-05-21 18:00:00,000;"21/05/2024 18:00";2024-04-01 11:34:00,000;2024-05-21 18:00:00,000;2024-05-14 17:54:00,000;"mayo"
"INC1992456";"Solicitante 10";"Cerrado";"5 - Muy Baja";"Asignado 1";"04/04/2024 13:34";"06/05/2024 13:00";"29/04/2024 12:45";21600;6;;6;"abr";2024;2024-05-06 13:00:00,000;"06/05/2024 13:00";2024-04-04 13:34:00,000;2024-05-06 13:00:00,000;2024-04-29 12:45:00,000;"mayo"
"INC1992609";"Solicitante 2";"Cerrado";"5 - Muy Baja";"Asignado 3";"04/04/2024 15:41";"18/04/2024 15:00";"11/04/2024 14:49";16200;4,5;;4,5;"No cerrada";2024;2024-04-18 15:00:00,000;"18/04/2024 15:00";2024-04-04 15:41:00,000;2024-04-18 15:00:00,000;2024-04-11 14:49:00,000;"abril"
"INC2003187";"Solicitante 29";"Cerrado";"5 - Muy Baja";"Asignado 2";"16/04/2024 10:28";"01/05/2024 17:00";"24/04/2024 16:45";23400;6,5;;6,5;"abr";2024;2024-05-01 17:00:00,000;"01/05/2024 17:00";2024-04-16 10:28:00,000;2024-05-01 17:00:00,000;2024-04-24 16:45:00,000;"mayo"
"INC2008750";"Solicitante 3";"Cerrado";"5 - Muy Baja";"Asignado 2";"22/04/2024 11:09";"02/05/2024 12:00";"25/04/2024 11:19";5400;1,5;;1,5;"abr";2024;2024-05-02 12:00:00,000;"02/05/2024 12:00";2024-04-22 11:09:00,000;2024-05-02 12:00:00,000;2024-04-25 11:19:00,000;"mayo"
"INC2008995";"Solicitante 16";"Cerrado";"5 - Muy Baja";"Asignado 1";"22/04/2024 14:51";"01/05/2024 14:00";"24/04/2024 13:42";12600;3,5;;3,5;"abr";2024;2024-05-01 14:00:00,000;"01/05/2024 14:00";2024-04-22 14:51:00,000;2024-05-01 14:00:00,000;2024-04-24 13:42:00,000;"mayo"
"INC2011310";"Solicitante 18";"Cerrado";"5 - Muy Baja";"Asignado 5";"24/04/2024 14:59";"06/05/2024 13:00";"29/04/2024 12:39";18000;5;;5;"abr";2023;2024-05-06 13:00:00,000;"06/05/2024 13:00";2024-04-24 14:59:00,000;2024-05-06 13:00:00,000;2024-04-29 12:39:00,000;"mayo"
"INC2031810";"Solicitante 2";"Cerrado";"5 - Muy Baja";"Asignado 2";"20/05/2024 8:07";"04/06/2024 10:00";"28/05/2024 9:35";50400;14;;14;"may";2024;2024-06-04 10:00:00,000;"04/06/2024 10:00";2024-05-20 08:07:00,000;2024-06-04 10:00:00,000;2024-05-28 09:35:00,000;"junio"
"INC2052661";"Solicitante 2";"Cerrado";"5 - Muy Baja";"Asignado 3";"05/06/2024 13:18";"08/07/2024 13:00";"01/07/2024 12:09";16200;4,5;;4,5;"jul";2024;2024-07-08 13:00:00,000;"08/07/2024 13:00";2024-06-05 13:18:00,000;2024-07-08 13:00:00,000;2024-07-01 12:09:00,000;"julio"
"INC2066535";"Solicitante 9";"Cerrado";"5 - Muy Baja";"Asignado 4";"18/06/2024 12:12";"08/07/2024 10:00";"01/07/2024 9:38";21600;6;;6;"jul";2023;2024-07-08 10:00:00,000;"08/07/2024 10:00";2024-06-18 12:12:00,000;2024-07-08 10:00:00,000;2024-07-01 09:38:00,000;"julio"
"INC2069637";"Solicitante 12";"Cerrado";"5 - Muy Baja";"Asignado 3";"20/06/2024 12:32";"18/07/2024 12:00";"11/07/2024 11:18";42000;11,67;;11,67;"jul";2024;2024-07-18 12:00:00,000;"18/07/2024 12:00";2024-06-20 12:32:00,000;2024-07-18 12:00:00,000;2024-07-11 11:18:00,000;"julio"
"INC2138546";"Solicitante 15";"Cerrado";"5 - Muy Baja";"Asignado 4";"21/08/2024 11:02";"30/08/2024 15:00";"23/08/2024 14:15";14460;4,02;;4,02;"ago";2024;2024-08-30 15:00:00,000;"30/08/2024 15:00";2024-08-21 11:02:00,000;2024-08-30 15:00:00,000;2024-08-23 14:15:00,000;"agosto"
"INC2170765";"Solicitante 3";"Cerrado";"5 - Muy Baja";"Asignado 2";"18/09/2024 12:18";"30/09/2024 12:00";"23/09/2024 11:03";3600;1;;1;"sept";2024;2024-09-30 12:00:00,000;"30/09/2024 12:00";2024-09-18 12:18:00,000;2024-09-30 12:00:00,000;2024-09-23 11:03:00,000;"septiembre"
"INC2182091";"Solicitante 12";"Cerrado";"2 - Alta";"Asignado 4";"27/09/2024 14:20";"08/10/2024 10:00";"01/10/2024 9:54";1860;0,52;;0,52;"oct";2024;2024-10-08 10:00:00,000;"08/10/2024 10:00";2024-09-27 14:20:00,000;2024-10-08 10:00:00,000;2024-10-01 09:54:00,000;"octubre"
"INC2186536";"Solicitante 40";"Cerrado";"2 - Alta";"Asignado 1";"04/10/2024 14:14";"14/10/2024 18:00";"07/10/2024 17:26";2820;0,78;;0,78;"oct";2024;2024-10-14 18:00:00,000;"14/10/2024 18:00";2024-10-04 14:14:00,000;2024-10-14 18:00:00,000;2024-10-07 17:26:00,000;"octubre"
"INC2252208";"Solicitante 30";"Cerrado";"5 - Muy Baja";"Asignado 5";"28/11/2024 16:17";"20/12/2024 11:00";"13/12/2024 10:04";4800;1,67;;1,67;"dic";2024;2024-12-20 11:00:00,000;"20/12/2024 11:00";2024-11-28 16:17:00,000;2024-12-20 11:00:00,000;2024-12-13 10:04:00,000;"diciembre"
"INC2270627";"Solicitante 12";"Cerrado";"5 - Muy Baja";"Asignado 2";"16/12/2024 10:27";"31/01/2025 15:00";"24/01/2025 14:11";111600;31;;31;"ene";2025;2025-01-31 15:00:00,000;"31/01/2025 15:00";2024-12-16 10:27:00,000;2025-01-31 15:00:00,000;2025-01-24 14:11:00,000;"enero"
"INC2274993";"Solicitante 8";"Cerrado";"5 - Muy Baja";"Asignado 2";"19/12/2024 17:41";"06/01/2025 10:00";"30/12/2024 9:29";1860;0,52;;0,52;"dic";2024;2025-01-06 10:00:00,000;"06/01/2025 10:00";2024-12-19 17:41:00,000;2025-01-06 10:00:00,000;2024-12-30 09:29:00,000;"enero"
"INC2277202";"Solicitante 40";"Cerrado";"5 - Muy Baja";"Asignado 3";"23/12/2024 13:18";"02/01/2025 16:00";"26/12/2024 15:47";900;0,25;;0,25;"dic";2024;2025-01-02 16:00:00,000;"02/01/2025 16:00";2024-12-23 13:18:00,000;2025-01-02 16:00:00,000;2024-12-26 15:47:00,000;"enero"
"INC2285668";"Solicitante 40";"Cerrado";"5 - Muy Baja";"Asignado 2";"07/01/2025 16:29";"26/01/2025 22:00";"19/01/2025 21:46";30600;8,5;;8,5;"ene";2025;2025-01-26 22:00:00,000;"26/01/2025 22:00";2025-01-07 16:29:00,000;2025-01-26 22:00:00,000;2025-01-19 21:46:00,000;"enero"
"INC2286504";"Solicitante 10";"Cerrado";"5 - Muy Baja";"Asignado 1";"08/01/2025 13:33";"27/01/2025 12:00";"20/01/2025 11:29";3600;1;;1;"ene";2025;2025-01-27 12:00:00,000;"27/01/2025 12:00";2025-01-08 13:33:00,000;2025-01-27 12:00:00,000;2025-01-20 11:29:00,000;"enero"
"INC2291141";"Solicitante 13";"Cerrado";"1 - Crítica";"Asignado 4";"13/01/2025 11:05";"21/01/2025 10:00";"14/01/2025 9:01";1800;0,5;;0,5;"No aplica";2025;2025-01-21 10:00:00,000;"21/01/2025 10:00";2025-01-13 11:05:00,000;2025-01-21 10:00:00,000;2025-01-14 09:01:00,000;"enero"
"INC2300076";"Solicitante 3";"Cerrado";"5 - Muy Baja";"Asignado 5";"21/01/2025 11:54";"05/02/2025 13:00";"29/01/2025 12:27";6300;1,75;;1,75;"ene";2025;2025-02-05 13:00:00,000;"05/02/2025 13:00";2025-01-21 11:54:00,000;2025-02-05 13:00:00,000;2025-01-29 12:27:00,000;"febrero"
"INC2317100";"Solicitante 2";"Cerrado";"2 - Alta";"Asignado 5";"05/02/2025 11:40";"12/02/2025 14:00";"05/02/2025 13:26";1800;0,5;;0,5;"feb";2024;2025-02-12 14:00:00,000;"12/02/2025 14:00";2025-02-05 11:40:00,000;2025-02-12 14:00:00,000;2025-02-05 13:26:00,000;"febrero"
"INC2347725";"Solicitante 8";"Cerrado";"5 - Muy Baja";"Asignado 1";"05/03/2025 10:22";"20/03/2025 10:00";"13/03/2025 9:14";21600;6;;6;"mar";2025;2025-03-20 10:00:00,000;"20/03/2025 10:00";2025-03-05 10:22:00,000;2025-03-20 10:00:00,000;2025-03-13 09:14:00,000;"marzo"
"INC2399338";"Solicitante 4";"Cerrado";"5 - Muy Baja";"Asignado 1";"25/04/2025 12:09";"07/05/2025 11:00";"30/04/2025 10:53";18000;5;;5;"may";2025;2025-05-07 11:00:00,000;"07/05/2025 11:00";2025-04-25 12:09:00,000;2025-05-07 11:00:00,000;2025-04-30 10:53:00,000;"mayo"
"INC2412228";"Solicitante 3";"Cerrado";"2 - Alta";"Asignado 3";"07/05/2025 12:35";"22/05/2025 10:00";"15/05/2025 9:15";41460;11,52;;11,52;"abr";2025;2025-05-22 10:00:00,000;"22/05/2025 10:00";2025-05-07 12:35:00,000;2025-05-22 10:00:00,000;2025-05-15 09:15:00,000;"mayo"
"INC1839736";"Solicitante 17";"Cerrado";"4 - Baja";"Asignado 1";"25/09/2023 16:22";"02/11/2023 9:00";"26/10/2023 9:25";25260;7,02;;7,02;"oct";2023;2023-11-02 09:00:00,000;"02/11/2023 9:00";2023-09-25 16:22:00,000;2023-11-02 09:00:00,000;2023-10-26 09:25:00,000;"noviembre"
"INC1842401";"Solicitante 35";"Cerrado";"4 - Baja";"Asignado 1";"28/09/2023 9:32";"11/10/2023 12:00";"04/10/2023 11:55";21600;6;;6;"oct";2023;2023-10-11 12:00:00,000;"11/10/2023 12:00";2023-09-28 09:32:00,000;2023-10-11 12:00:00,000;2023-10-04 11:55:00,000;"octubre"
"INC1843829";"Solicitante 25";"Cerrado";"4 - Baja";"Asignado 3";"29/09/2023 12:42";"09/10/2023 10:00";"02/10/2023 9:28";3660;1,02;;1,02;"oct";2023;2023-10-09 10:00:00,000;"09/10/2023 10:00";2023-09-29 12:42:00,000;2023-10-09 10:00:00,000;2023-10-02 09:28:00,000;"octubre"
"INC1849399";"Solicitante 33";"Cerrado";"4 - Baja";"Asignado 1";"05/10/2023 11:07";"17/10/2023 16:00";"10/10/2023 15:01";12601;3,5;;3,5;"oct";2023;2023-10-17 16:00:00,000;"17/10/2023 16:00";2023-10-05 11:07:00,000;2023-10-17 16:00:00,000;2023-10-10 15:01:00,000;"octubre"
"INC1859482";"Solicitante 37";"Cerrado";"4 - Baja";"Asignado 2";"19/10/2023 8:59";"16/11/2023 14:00";"09/11/2023 13:39";5400;1,5;;1,5;"nov";2023;2023-11-16 14:00:00,000;"16/11/2023 14:00";2023-10-19 08:59:00,000;2023-11-16 14:00:00,000;2023-11-09 13:39:00,000;"noviembre"
"INC1865093";"Solicitante 3";"Cerrado";"4 - Baja";"Asignado 1";"25/10/2023 17:30";"10/11/2023 14:00";"03/11/2023 13:32";14400;4;;4;"nov";2023;2023-11-10 14:00:00,000;"10/11/2023 14:00";2023-10-25 17:30:00,000;2023-11-10 14:00:00,000;2023-11-03 13:32:00,000;"noviembre"
"INC1869103";"Solicitante 12";"Cerrado";"4 - Baja";"Asignado 2";"30/10/2023 11:44";"30/10/2023 13:25";"30/10/2023 13:23";1800;0,5;;0,5;"oct";2023;2023-10-30 13:25:00,000;"30/10/2023 13:25";2023-10-30 11:44:00,000;2023-10-30 13:25:00,000;2023-10-30 13:23:00,000;"octubre"
"INC1870700";"Solicitante 9";"Cerrado";"4 - Baja";"Asignado 5";"31/10/2023 16:38";"08/01/2024 15:00";"01/01/2024 14:23";68400;19;;19;"ene";2023;2024-01-08 15:00:00,000;"08/01/2024 15:00";2023-10-31 16:38:00,000;2024-01-08 15:00:00,000;2024-01-01 14:23:00,000;"enero"
"INC1871435";"Solicitante 33";"Cerrado";"4 - Baja";"Asignado 5";"02/11/2023 8:14";"16/11/2023 13:00";"09/11/2023 12:57";46800;13;;13;"nov";2023;2023-11-16 13:00:00,000;"16/11/2023 13:00";2023-11-02 08:14:00,000;2023-11-16 13:00:00,000;2023-11-09 12:57:00,000;"noviembre"
"INC1880988";"Solicitante 23";"Cerrado";"4 - Baja";"Asignado 3";"13/11/2023 16:39";"27/11/2023 10:00";"20/11/2023 9:18";1800;0,5;;0,5;"nov";2023;2023-11-27 10:00:00,000;"27/11/2023 10:00";2023-11-13 16:39:00,000;2023-11-27 10:00:00,000;2023-11-20 09:18:00,000;"noviembre"
"INC1882869";"Solicitante 37";"Cerrado";"4 - Baja";"Asignado 1";"15/11/2023 18:26";"29/12/2023 17:00";"22/12/2023 16:26";68400;19;;19;"dic";2023;2023-12-29 17:00:00,000;"29/12/2023 17:00";2023-11-15 18:26:00,000;2023-12-29 17:00:00,000;2023-12-22 16:26:00,000;"diciembre"
"INC1903488";"Solicitante 33";"Cerrado";"4 - Baja";"Asignado 1";"11/12/2023 12:35";"22/12/2023 16:00";"15/12/2023 15:35";9000;2,5;;2,5;"dic";2023;2023-12-22 16:00:00,000;"22/12/2023 16:00";2023-12-11 12:35:00,000;2023-12-22 16:00:00,000;2023-12-15 15:35:00,000;"diciembre"
"INC1905721";"Solicitante 2";"Cerrado";"4 - Baja";"Asignado 1";"13/12/2023 8:38";"28/12/2023 18:00";"21/12/2023 17:30";25200;7;;7;"ene";2023;2023-12-28 18:00:00,000;"28/12/2023 18:00";2023-12-13 08:38:00,000;2023-12-28 18:00:00,000;2023-12-21 17:30:00,000;"diciembre"
"INC1913312";"Solicitante 1";"Cerrado";"4 - Baja";"Asignado 5";"22/12/2023 13:18";"15/02/2024 13:00";"08/02/2024 12:43";72000;20;;20;"feb";2023;2024-02-15 13:00:00,000;"15/02/2024 13:00";2023-12-22 13:18:00,000;2024-02-15 13:00:00,000;2024-02-08 12:43:00,000;"febrero"
"INC1915071";"Solicitante 34";"Cerrado";"4 - Baja";"Asignado 2";"27/12/2023 13:35";"09/01/2024 18:00";"02/01/2024 17:20";25200;7;;7;"ene";2023;2024-01-09 18:00:00,000;"09/01/2024 18:00";2023-12-27 13:35:00,000;2024-01-09 18:00:00,000;2024-01-02 17:20:00,000;"enero"
"INC1917589";"Solicitante 19";"Cerrado";"4 - Baja";"Asignado 4";"02/01/2024 11:26";"11/01/2024 11:00";"04/01/2024 10:46";28800;8;;8;"ene";2024;2024-01-11 11:00:00,000;"11/01/2024 11:00";2024-01-02 11:26:00,000;2024-01-11 11:00:00,000;2024-01-04 10:46:00,000;"enero"
"INC1918601";"Solicitante 38";"Cerrado";"4 - Baja";"Asignado 1";"04/01/2024 8:46";"08/01/2024 9:42";"05/01/2024 13:00";10860;3,02;;3,02;"ene";2024;2024-01-08 09:42:00,000;"08/01/2024 9:42";2024-01-04 08:46:00,000;2024-01-08 09:42:00,000;2024-01-05 13:00:00,000;"enero"
"INC1922054";"Solicitante 39";"Cerrado";"4 - Baja";"Asignado 1";"10/01/2024 9:58";"19/01/2024 13:00";"12/01/2024 12:50";25200;7;;7;"ene";2024;2024-01-19 13:00:00,000;"19/01/2024 13:00";2024-01-10 09:58:00,000;2024-01-19 13:00:00,000;2024-01-12 12:50:00,000;"enero"
"INC1923096";"Solicitante 16";"Cerrado";"4 - Baja";"Asignado 5";"11/01/2024 14:03";"22/01/2024 20:00";"15/01/2024 19:25";21600;6;;6;"ene";2023;2024-01-22 20:00:00,000;"22/01/2024 20:00";2024-01-11 14:03:00,000;2024-01-22 20:00:00,000;2024-01-15 19:25:00,000;"enero"
"INC1924879";"Solicitante 32";"Cerrado";"4 - Baja";"Asignado 4";"15/01/2024 12:44";"22/01/2024 16:00";"15/01/2024 15:47";7200;2;;2;"dic";2024;2024-01-22 16:00:00,000;"22/01/2024 16:00";2024-01-15 12:44:00,000;2024-01-22 16:00:00,000;2024-01-15 15:47:00,000;"enero"
"INC1927360";"Solicitante 25";"Cerrado";"4 - Baja";"Asignado 3";"18/01/2024 10:43";"30/01/2024 13:00";"23/01/2024 12:05";21600;6;;6;"ene";2024;2024-01-30 13:00:00,000;"30/01/2024 13:00";2024-01-18 10:43:00,000;2024-01-30 13:00:00,000;2024-01-23 12:05:00,000;"enero"
"INC1930076";"Solicitante 3";"Cerrado";"4 - Baja";"Asignado 1";"23/01/2024 9:02";"20/02/2024 12:00";"13/02/2024 11:11";57600;16;;16;"feb";2024;2024-02-20 12:00:00,000;"20/02/2024 12:00";2024-01-23 09:02:00,000;2024-02-20 12:00:00,000;2024-02-13 11:11:00,000;"febrero"
"INC1931959";"Solicitante 23";"Cerrado";"4 - Baja";"Asignado 2";"24/01/2024 23:40";"02/02/2024 9:00";"26/01/2024 8:24";5460;1,52;;1,52;"feb";2024;2024-02-02 09:00:00,000;"02/02/2024 9:00";2024-01-24 23:40:00,000;2024-02-02 09:00:00,000;2024-01-26 08:24:00,000;"febrero"
"INC1935204";"Solicitante 3";"Cerrado";"4 - Baja";"Asignado 5";"30/01/2024 12:13";"09/02/2024 16:00";"02/02/2024 15:21";12600;3,5;;3,5;"feb";2024;2024-02-09 16:00:00,000;"09/02/2024 16:00";2024-01-30 12:13:00,000;2024-02-09 16:00:00,000;2024-02-02 15:21:00,000;"febrero"
"INC1939919";"Solicitante 2";"Cerrado";"4 - Baja";"Asignado 1";"06/02/2024 12:17";"17/04/2024 11:00";"10/04/2024 10:20";97200;27;;27;"abr";2024;2024-04-17 11:00:00,000;"17/04/2024 11:00";2024-02-06 12:17:00,000;2024-04-17 11:00:00,000;2024-04-10 10:20:00,000;"abril"
"INC1946456";"Solicitante 34";"Cerrado";"4 - Baja";"Asignado 3";"14/02/2024 17:31";"23/02/2024 13:00";"16/02/2024 12:05";18000;5;;5;"feb";2024;2024-02-23 13:00:00,000;"23/02/2024 13:00";2024-02-14 17:31:00,000;2024-02-23 13:00:00,000;2024-02-16 12:05:00,000;"febrero"
"INC1955176";"Solicitante 23";"Cerrado";"4 - Baja";"Asignado 3";"27/02/2024 9:17";"20/05/2024 17:00";"13/05/2024 16:36";9600;2,67;;2,67;"may";2024;2024-05-20 17:00:00,000;"20/05/2024 17:00";2024-02-27 09:17:00,000;2024-05-20 17:00:00,000;2024-05-13 16:36:00,000;"mayo"
"INC1957267";"Solicitante 40";"Cerrado";"4 - Baja";"Asignado 1";"29/02/2024 10:32";"12/03/2024 12:00";"05/03/2024 11:52";3600;1;;1;"mar";2024;2024-03-12 12:00:00,000;"12/03/2024 12:00";2024-02-29 10:32:00,000;2024-03-12 12:00:00,000;2024-03-05 11:52:00,000;"marzo"
"INC1958296";"Solicitante 24";"Cerrado";"4 - Baja";"Asignado 1";"01/03/2024 13:24";"18/03/2024 11:00";"11/03/2024 10:03";3600;1;;1;"mar";2024;2024-03-18 11:00:00,000;"18/03/2024 11:00";2024-03-01 13:24:00,000;2024-03-18 11:00:00,000;2024-03-11 10:03:00,000;"marzo"
"INC1962267";"Solicitante 8";"Cerrado";"4 - Baja";"Asignado 3";"06/03/2024 9:21";"13/03/2024 13:00";"06/03/2024 12:21";1800;0,5;;0,5;"mar";2024;2024-03-13 13:00:00,000;"13/03/2024 13:00";2024-03-06 09:21:00,000;2024-03-13 13:00:00,000;2024-03-06 12:21:00,000;"marzo"
"INC1968467";"Solicitante 29";"Cerrado";"4 - Baja";"Asignado 4";"12/03/2024";"28/03/2024 12:00";"21/03/2024 11:49";21600;6;;6;"mar";2024;2024-03-28 12:00:00,000;"28/03/2024 12:00";2024-03-12 00:00:00,000;2024-03-28 12:00:00,000;2024-03-21 11:49:00,000;"marzo"
"INC1972630";"Solicitante 8";"Cerrado";"4 - Baja";"Asignado 3";"18/03/2024 10:12";"27/03/2024 10:00";"20/03/2024 9:32";14400;4;;4;"mar";2024;2024-03-27 10:00:00,000;"27/03/2024 10:00";2024-03-18 10:12:00,000;2024-03-27 10:00:00,000;2024-03-20 09:32:00,000;"marzo"
"INC1973297";"Solicitante 1";"Cerrado";"4 - Baja";"Asignado 1";"18/03/2024 17:54";"02/04/2024 11:00";"26/03/2024 9:55";9600;2,67;;2,67;"mar";2024;2024-04-02 11:00:00,000;"02/04/2024 11:00";2024-03-18 17:54:00,000;2024-04-02 11:00:00,000;2024-03-26 09:55:00,000;"abril"
"INC1974360";"Solicitante 6";"Cerrado";"4 - Baja";"Asignado 3";"19/03/2024 15:58";"27/03/2024 18:00";"20/03/2024 17:20";7200;2;;2;"dic";2024;2024-03-27 18:00:00,000;"27/03/2024 18:00";2024-03-19 15:58:00,000;2024-03-27 18:00:00,000;2024-03-20 17:20:00,000;"marzo"
"INC1985232";"Solicitante 36";"Cerrado";"4 - Baja";"Asignado 5";"26/03/2024 15:44";"17/04/2024 12:00";"10/04/2024 11:58";36060;10,02;;10,02;"abr";2024;2024-04-17 12:00:00,000;"17/04/2024 12:00";2024-03-26 15:44:00,000;2024-04-17 12:00:00,000;2024-04-10 11:58:00,000;"abril"
"INC1991039";"Solicitante 6";"Cerrado";"4 - Baja";"Asignado 3";"03/04/2024 10:52";"27/05/2024 14:00";"20/05/2024 13:12";51600;14,33;;14,33;"may";2023;2024-05-27 14:00:00,000;"27/05/2024 14:00";2024-04-03 10:52:00,000;2024-05-27 14:00:00,000;2024-05-20 13:12:00,000;"mayo"
"INC2002351";"Solicitante 18";"Cerrado";"4 - Baja";"Asignado 4";"15/04/2024 15:29";"06/11/2024 12:00";"30/10/2024 11:25";268200;74,5;;74,5;"oct";2024;2024-11-06 12:00:00,000;"06/11/2024 12:00";2024-04-15 15:29:00,000;2024-11-06 12:00:00,000;2024-10-30 11:25:00,000;"noviembre"
"INC2015037";"Solicitante 30";"Cerrado";"4 - Baja";"Asignado 5";"29/04/2024 11:24";"20/05/2024 19:00";"13/05/2024 18:46";12000;3,33;;3,33;"may";2024;2024-05-20 19:00:00,000;"20/05/2024 19:00";2024-04-29 11:24:00,000;2024-05-20 19:00:00,000;2024-05-13 18:46:00,000;"mayo"
"INC2028362";"Solicitante 26";"Cerrado";"4 - Baja";"Asignado 4";"15/05/2024 12:44";"22/05/2024 12:06";"22/05/2024 10:16";6000;2,67;;2,67;"may";2024;2024-05-22 12:06:00,000;"22/05/2024 12:06";2024-05-15 12:44:00,000;2024-05-22 12:06:00,000;2024-05-22 10:16:00,000;"mayo"
"INC2055202";"Solicitante 35";"Cerrado";"4 - Baja";"Asignado 1";"07/06/2024 10:03";"17/06/2024 19:00";"10/06/2024 18:54";12600;3,5;;3,5;"jun";2024;2024-06-17 19:00:00,000;"17/06/2024 19:00";2024-06-07 10:03:00,000;2024-06-17 19:00:00,000;2024-06-10 18:54:00,000;"junio"
"INC2095305";"Solicitante 23";"Cerrado";"4 - Baja";"Asignado 2";"11/07/2024 9:50";"29/08/2024 10:00";"22/08/2024 9:58";28800;8,5;;8,5;"mar";2024;2024-08-29 10:00:00,000;"29/08/2024 10:00";2024-07-11 09:50:00,000;2024-08-29 10:00:00,000;2024-08-22 09:58:00,000;"agosto"
"INC2098730";"Solicitante 37";"Cerrado";"4 - Baja";"Asignado 3";"16/07/2024 10:30";"01/10/2024 14:00";"24/09/2024 13:18";145802;40,5;;40,5;"sept";2024;2024-10-01 14:00:00,000;"01/10/2024 14:00";2024-07-16 10:30:00,000;2024-10-01 14:00:00,000;2024-09-24 13:18:00,000;"octubre"
"INC2103755";"Solicitante 22";"Cerrado";"4 - Baja";"Asignado 3";"19/07/2024";"31/07/2024 11:00";"24/07/2024 10:45";22200;6,17;;6,17;"jul";2024;2024-07-31 11:00:00,000;"31/07/2024 11:00";2024-07-19 00:00:00,000;2024-07-31 11:00:00,000;2024-07-24 10:45:00,000;"julio"
"INC2105622";"Solicitante 18";"Cerrado";"4 - Baja";"Asignado 5";"22/07/2024 8:49";"29/07/2024 13:00";"22/07/2024 12:08";1800;0,5;;0,5;"jul";2024;2024-07-29 13:00:00,000;"29/07/2024 13:00";2024-07-22 08:49:00,000;2024-07-29 13:00:00,000;2024-07-22 12:08:00,000;"julio"
"INC2106887";"Solicitante 35";"Cerrado";"4 - Baja";"Asignado 4";"23/07/2024 8:57";"19/08/2024 9:00";"12/08/2024 8:41";9000;2,5;;2,5;"ago";2024;2024-08-19 09:00:00,000;"19/08/2024 9:00";2024-07-23 08:57:00,000;2024-08-19 09:00:00,000;2024-08-12 08:41:00,000;"agosto"
"INC2121805";"Solicitante 16";"Cerrado";"4 - Baja";"Asignado 5";"06/08/2024 11:25";"15/08/2024 16:00";"08/08/2024 15:11";9000;2,5;;2,5;"ago";2024;2024-08-15 16:00:00,000;"15/08/2024 16:00";2024-08-06 11:25:00,000;2024-08-15 16:00:00,000;2024-08-08 15:11:00,000;"agosto"
"INC2140358";"Solicitante 10";"Cerrado";"4 - Baja";"Asignado 4";"23/08/2024 0:07";"04/09/2024 10:00";"28/08/2024 9:04";6000;1,67;;1,67;"mar";2024;2024-09-04 10:00:00,000;"04/09/2024 10:00";2024-08-23 00:07:00,000;2024-09-04 10:00:00,000;2024-08-28 09:04:00,000;"septiembre"
"INC2157989";"Solicitante 18";"Cerrado";"4 - Baja";"Asignado 4";"09/09/2024 10:55";"23/09/2024 9:00";"16/09/2024 8:43";35400;9,83;;9,83;"sept";2024;2024-09-23 09:00:00,000;"23/09/2024 9:00";2024-09-09 10:55:00,000;2024-09-23 09:00:00,000;2024-09-16 08:43:00,000;"septiembre"
"INC2172064";"Solicitante 32";"Cerrado";"4 - Baja";"Asignado 1";"19/09/2024 12:36";"08/10/2024 10:00";"01/10/2024 9:47";14460;4,02;;4,02;"ago";2024;2024-10-08 10:00:00,000;"08/10/2024 10:00";2024-09-19 12:36:00,000;2024-10-08 10:00:00,000;2024-10-01 09:47:00,000;"octubre"
"INC2180039";"Solicitante 16";"Cerrado";"4 - Baja";"Asignado 4";"25/09/2024 11:23";"17/10/2024 10:00";"10/10/2024 9:56";51600;15,33;;15,33;"oct";2024;2024-10-17 10:00:00,000;"17/10/2024 10:00";2024-09-25 11:23:00,000;2024-10-17 10:00:00,000;2024-10-10 09:56:00,000;"octubre"
"INC2210834";"Solicitante 24";"Cerrado";"4 - Baja";"Asignado 1";"24/10/2024 9:39";"17/11/2024 15:00";"10/11/2024 14:15";5400;1,5;;1,5;"nov";2024;2024-11-17 15:00:00,000;"17/11/2024 15:00";2024-10-24 09:39:00,000;2024-11-17 15:00:00,000;2024-11-10 14:15:00,000;"noviembre"
"INC2216465";"Solicitante 16";"Cerrado";"4 - Baja";"Asignado 4";"29/10/2024 12:47";"06/11/2024 10:00";"30/10/2024 9:06";5400;1,5;;1,5;"oct";2024;2024-11-06 10:00:00,000;"06/11/2024 10:00";2024-10-29 12:47:00,000;2024-11-06 10:00:00,000;2024-10-30 09:06:00,000;"noviembre"
"INC2233083";"Solicitante 19";"Cerrado";"4 - Baja";"Asignado 5";"13/11/2024 18:29";"02/12/2024 12:00";"25/11/2024 11:38";25200;7;;7;"nov";2024;2024-12-02 12:00:00,000;"02/12/2024 12:00";2024-11-13 18:29:00,000;2024-12-02 12:00:00,000;2024-11-25 11:38:00,000;"diciembre"
"INC2242411";"Solicitante 4";"Cerrado";"4 - Baja";"Asignado 1";"21/11/2024 16:16";"04/12/2024 12:00";"27/11/2024 11:50";10800;3,42;;3,42;"mar";2024;2024-12-04 12:00:00,000;"04/12/2024 12:00";2024-11-21 16:16:00,000;2024-12-04 12:00:00,000;2024-11-27 11:50:00,000;"diciembre"
"INC2245621";"Solicitante 10";"Cerrado";"4 - Baja";"Asignado 2";"25/11/2024 10:29";"03/12/2024 8:41";"02/12/2024 9:30";17100;4,75;;4,75;"dic";2023;2024-12-03 08:41:00,000;"03/12/2024 8:41";2024-11-25 10:29:00,000;2024-12-03 08:41:00,000;2024-12-02 09:30:00,000;"diciembre"
"INC2262793";"Solicitante 37";"Cerrado";"4 - Baja";"Asignado 1";"09/12/2024 12:37";"17/02/2025 13:00";"10/02/2025 12:55";159600;44,33;;44,33;"No cerrada";2025;2025-02-17 13:00:00,000;"17/02/2025 13:00";2024-12-09 12:37:00,000;2025-02-17 13:00:00,000;2025-02-10 12:55:00,000;"febrero"
"INC2287235";"Solicitante 40";"Cerrado";"4 - Baja";"Asignado 5";"09/01/2025 9:46";"20/01/2025 15:00";"13/01/2025 14:32";10800;3;;3;"feb";2025;2025-01-20 15:00:00,000;"20/01/2025 15:00";2025-01-09 09:46:00,000;2025-01-20 15:00:00,000;2025-01-13 14:32:00,000;"enero"
"INC2293353";"Solicitante 28";"Cerrado";"4 - Baja";"Asignado 3";"15/01/2025 8:39";"10/02/2025 14:00";"03/02/2025 13:19";29100;8,08;;8,08;"feb";2025;2025-02-10 14:00:00,000;"10/02/2025 14:00";2025-01-15 08:39:00,000;2025-02-10 14:00:00,000;2025-02-03 13:19:00,000;"febrero"
"INC2303397";"Solicitante 30";"Cerrado";"4 - Baja";"Asignado 2";"23/01/2025 16:41";"31/01/2025 11:00";"24/01/2025 10:14";5400;1,5;;1,5;"feb";2025;2025-01-31 11:00:00,000;"31/01/2025 11:00";2025-01-23 16:41:00,000;2025-01-31 11:00:00,000;2025-01-24 10:14:00,000;"enero"
"INC2312076";"Solicitante 9";"Cerrado";"4 - Baja";"Asignado 2";"31/01/2025 9:57";"14/02/2025 17:00";"07/02/2025 16:28";36000;10;;10;"feb";2025;2025-02-14 17:00:00,000;"14/02/2025 17:00";2025-01-31 09:57:00,000;2025-02-14 17:00:00,000;2025-02-07 16:28:00,000;"febrero"
"INC2318951";"Solicitante 12";"Cerrado";"4 - Baja";"Asignado 2";"06/02/2025 11:42";"04/03/2025 17:00";"25/02/2025 16:37";51600;14,33;;14,33;"feb";2025;2025-03-04 17:00:00,000;"04/03/2025 17:00";2025-02-06 11:42:00,000;2025-03-04 17:00:00,000;2025-02-25 16:37:00,000;"marzo"
"INC2326954";"Solicitante 4";"Cerrado";"4 - Baja";"Asignado 5";"13/02/2025 9:37";"24/02/2025 10:00";"17/02/2025 9:49";900;0,25;;0,25;"feb";2025;2025-02-24 10:00:00,000;"24/02/2025 10:00";2025-02-13 09:37:00,000;2025-02-24 10:00:00,000;2025-02-17 09:49:00,000;"febrero"
"INC2327018";"Solicitante 20";"Cerrado";"4 - Baja";"Asignado 5";"13/02/2025 10:20";"04/03/2025 19:00";"25/02/2025 18:21";90000;25;;25;"feb";2025;2025-03-04 19:00:00,000;"04/03/2025 19:00";2025-02-13 10:20:00,000;2025-03-04 19:00:00,000;2025-02-25 18:21:00,000;"marzo"
"INC2345531";"Solicitante 18";"Cerrado";"4 - Baja";"Asignado 2";"03/03/2025 11:39";"11/03/2025 14:00";"04/03/2025 13:41";1800;0,5;;0,5;"mar";2025;2025-03-11 14:00:00,000;"11/03/2025 14:00";2025-03-03 11:39:00,000;2025-03-11 14:00:00,000;2025-03-04 13:41:00,000;"marzo"
"INC2347758";"Solicitante 3";"Cerrado";"4 - Baja";"Asignado 5";"05/03/2025 10:47";"19/03/2025 13:00";"12/03/2025 12:20";43200;12;;12;"2";2024;2025-03-19 13:00:00,000;"19/03/2025 13:00";2025-03-05 10:47:00,000;2025-03-19 13:00:00,000;2025-03-12 12:20:00,000;"marzo"
"INC2355798";"Solicitante 25";"Cerrado";"4 - Baja";"Asignado 1";"10/03/2025 9:37";"18/03/2025 9:00";"11/03/2025 8:35";900;0,25;;0,25;"mar";2025;2025-03-18 09:00:00,000;"18/03/2025 9:00";2025-03-10 09:37:00,000;2025-03-18 09:00:00,000;2025-03-11 08:35:00,000;"marzo"
"INC2358703";"Solicitante 18";"Cerrado";"4 - Baja";"Asignado 3";"12/03/2025 16:04";"20/03/2025 17:00";"13/03/2025 16:24";9600;2,67;;2,67;"feb";2025;2025-03-20 17:00:00,000;"20/03/2025 17:00";2025-03-12 16:04:00,000;2025-03-20 17:00:00,000;2025-03-13 16:24:00,000;"marzo"
"INC2359460";"Solicitante 12";"Cerrado";"4 - Baja";"Asignado 1";"13/03/2025 10:34";"20/03/2025 15:00";"13/03/2025 14:07";3600;1;;1;"mar";2025;2025-03-20 15:00:00,000;"20/03/2025 15:00";2025-03-13 10:34:00,000;2025-03-20 15:00:00,000;2025-03-13 14:07:00,000;"marzo"
"INC2406225";"Solicitante 8";"Cerrado";"4 - Baja";"Asignado 4";"30/04/2025 11:17";"22/05/2025 10:00";"15/05/2025 9:15";41760;11,6;;11,6;"may";2025;2025-05-22 10:00:00,000;"22/05/2025 10:00";2025-04-30 11:17:00,000;2025-05-22 10:00:00,000;2025-05-15 09:15:00,000;"mayo"
"INC2411962";"Solicitante 6";"Cerrado";"4 - Baja";"Asignado 4";"07/05/2025 9:59";"21/05/2025 15:00";"14/05/2025 14:13";36600;10,17;;10,17;"may";2025;2025-05-21 15:00:00,000;"21/05/2025 15:00";2025-05-07 09:59:00,000;2025-05-21 15:00:00,000;2025-05-14 14:13:00,000;"mayo"
"INC2412118";"Solicitante 28";"Cerrado";"4 - Baja";"Asignado 3";"07/05/2025 11:28";"21/05/2025 9:00";"14/05/2025 8:42";7500;2,08;;2,08;"may";2025;2025-05-21 09:00:00,000;"21/05/2025 9:00";2025-05-07 11:28:00,000;2025-05-21 09:00:00,000;2025-05-14 08:42:00,000;"mayo"
"INC2415698";"Solicitante 25";"Cerrado";"4 - Baja";"Asignado 3";"12/05/2025 9:40";"22/05/2025 18:00";"15/05/2025 17:12";5400;1,5;;1,5;"may";2025;2025-05-22 18:00:00,000;"22/05/2025 18:00";2025-05-12 09:40:00,000;2025-05-22 18:00:00,000;2025-05-15 17:12:00,000;"mayo"
"INC1844122";"Solicitante 3";"Cerrado";"3 - Moderada";"Asignado 3";"29/09/2023 20:06";"16/10/2023 18:00";"09/10/2023 17:00";7260;2,02;;2,02;"oct";2023;2023-10-16 18:00:00,000;"16/10/2023 18:00";2023-09-29 20:06:00,000;2023-10-16 18:00:00,000;2023-10-09 17:00:00,000;"octubre"
"INC1847864";"Solicitante 11";"Cerrado";"3 - Moderada";"Asignado 5";"04/10/2023 10:03";"17/10/2023 14:00";"10/10/2023 13:08";14400;4;;4;"oct";2023;2023-10-17 14:00:00,000;"17/10/2023 14:00";2023-10-04 10:03:00,000;2023-10-17 14:00:00,000;2023-10-10 13:08:00,000;"octubre"
"INC1849480";"Solicitante 5";"Cerrado";"3 - Moderada";"Asignado 1";"05/10/2023 11:56";"16/10/2023 12:00";"09/10/2023 11:15";14400;4;;4;"oct";2023;2023-10-16 12:00:00,000;"16/10/2023 12:00";2023-10-05 11:56:00,000;2023-10-16 12:00:00,000;2023-10-09 11:15:00,000;"octubre"
"INC1852904";"Solicitante 26";"Cerrado";"3 - Moderada";"Asignado 4";"10/10/2023 9:50";"19/12/2023 14:00";"12/12/2023 13:07";194400;54;;54;"dic";2023;2023-12-19 14:00:00,000;"19/12/2023 14:00";2023-10-10 09:50:00,000;2023-12-19 14:00:00,000;2023-12-12 13:07:00,000;"diciembre"
"INC1872671";"Solicitante 32";"Cerrado";"3 - Moderada";"Asignado 2";"03/11/2023 13:56";"16/11/2023 15:00";"09/11/2023 14:45";5400;1,5;;1,5;"nov";2023;2023-11-16 15:00:00,000;"16/11/2023 15:00";2023-11-03 13:56:00,000;2023-11-16 15:00:00,000;2023-11-09 14:45:00,000;"noviembre"
"INC1873832";"Solicitante 5";"Cerrado";"3 - Moderada";"Asignado 4";"06/11/2023 10:17";"13/11/2023 15:00";"06/11/2023 14:06";7200;2;;2;"nov";2023;2023-11-13 15:00:00,000;"13/11/2023 15:00";2023-11-06 10:17:00,000;2023-11-13 15:00:00,000;2023-11-06 14:06:00,000;"noviembre"
"INC1880464";"Solicitante 40";"Cerrado";"3 - Moderada";"Asignado 1";"13/11/2023 10:31";"15/11/2023 10:54";"15/11/2023 9:32";19860;5,52;;5,52;"nov";2023;2023-11-15 10:54:00,000;"15/11/2023 10:54";2023-11-13 10:31:00,000;2023-11-15 10:54:00,000;2023-11-15 09:32:00,000;"noviembre"
"INC1880867";"Solicitante 19";"Cerrado";"3 - Moderada";"Asignado 1";"13/11/2023 15:25";"21/11/2023 18:00";"14/11/2023 17:20";5400;1,5;;1,5;"ene";2023;2023-11-21 18:00:00,000;"21/11/2023 18:00";2023-11-13 15:25:00,000;2023-11-21 18:00:00,000;2023-11-14 17:20:00,000;"noviembre"
"INC1881519";"Solicitante 39";"Cerrado";"3 - Moderada";"Asignado 2";"14/11/2023 9:00";"22/11/2023 14:00";"15/11/2023 13:03";19800;5,5;;5,5;"nov";2023;2023-11-22 14:00:00,000;"22/11/2023 14:00";2023-11-14 09:00:00,000;2023-11-22 14:00:00,000;2023-11-15 13:03:00,000;"noviembre"
"INC1885505";"Solicitante 17";"Cerrado";"3 - Moderada";"Asignado 3";"20/11/2023 9:22";"01/12/2023 11:00";"24/11/2023 10:39";12600;3,5;;3,5;"nov";2023;2023-12-01 11:00:00,000;"01/12/2023 11:00";2023-11-20 09:22:00,000;2023-12-01 11:00:00,000;2023-11-24 10:39:00,000;"diciembre"
"INC1888646";"Solicitante 5";"Cerrado";"3 - Moderada";"Asignado 3";"23/11/2023 8:57";"08/02/2024 13:00";"01/02/2024 12:21";28800;8;;8;"feb";2023;2024-02-08 13:00:00,000;"08/02/2024 13:00";2023-11-23 08:57:00,000;2024-02-08 13:00:00,000;2024-02-01 12:21:00,000;"febrero"
"INC1888695";"Solicitante 31";"Cerrado";"3 - Moderada";"Asignado 1";"23/11/2023 9:26";"30/11/2023 18:00";"23/11/2023 17:52";10800;3;;3;"No cerrada";2024;2023-11-30 18:00:00,000;"30/11/2023 18:00";2023-11-23 09:26:00,000;2023-11-30 18:00:00,000;2023-11-23 17:52:00,000;"noviembre"
"INC1891614";"Solicitante 6";"Cerrado";"3 - Moderada";"Asignado 3";"27/11/2023 17:02";"07/12/2023 16:00";"30/11/2023 15:49";10800;3;;3;"nov";2023;2023-12-07 16:00:00,000;"07/12/2023 16:00";2023-11-27 17:02:00,000;2023-12-07 16:00:00,000;2023-11-30 15:49:00,000;"diciembre"
"INC1902541";"Solicitante 38";"Cerrado";"3 - Moderada";"Asignado 1";"11/12/2023 9:43";"21/12/2023 12:00";"14/12/2023 11:39";5460;1,52;;1,52;"dic";2023;2023-12-21 12:00:00,000;"21/12/2023 12:00";2023-12-11 09:43:00,000;2023-12-21 12:00:00,000;2023-12-14 11:39:00,000;"diciembre"
"INC1903155";"Solicitante 40";"Cerrado";"3 - Moderada";"Asignado 4";"11/12/2023 11:58";"26/12/2023 17:00";"19/12/2023 16:28";7260;2,02;;2,02;"dic";2023;2023-12-26 17:00:00,000;"26/12/2023 17:00";2023-12-11 11:58:00,000;2023-12-26 17:00:00,000;2023-12-19 16:28:00,000;"diciembre"
"INC1905791";"Solicitante 34";"Cerrado";"3 - Moderada";"Asignado 5";"13/12/2023 9:44";"21/12/2023 13:00";"14/12/2023 12:21";10800;3;;3;"dic";2023;2023-12-21 13:00:00,000;"21/12/2023 13:00";2023-12-13 09:44:00,000;2023-12-21 13:00:00,000;2023-12-14 12:21:00,000;"diciembre"
"INC1905869";"Solicitante 20";"Cerrado";"3 - Moderada";"Asignado 5";"13/12/2023 11:08";"02/01/2024 13:00";"26/12/2023 12:47";18000;5;;5;"dic";2023;2024-01-02 13:00:00,000;"02/01/2024 13:00";2023-12-13 11:08:00,000;2024-01-02 13:00:00,000;2023-12-26 12:47:00,000;"enero"
"INC1907199";"Solicitante 11";"Cerrado";"3 - Moderada";"Asignado 5";"14/12/2023 13:06";"29/12/2023 12:00";"22/12/2023 11:25";18000;5;;5;"dic";2023;2023-12-29 12:00:00,000;"29/12/2023 12:00";2023-12-14 13:06:00,000;2023-12-29 12:00:00,000;2023-12-22 11:25:00,000;"diciembre"
"INC1911076";"Solicitante 12";"Cerrado";"3 - Moderada";"Asignado 3";"19/12/2023 17:13";"28/12/2023 11:00";"21/12/2023 10:34";9000;2,5;;2,5;"dic";2023;2023-12-28 11:00:00,000;"28/12/2023 11:00";2023-12-19 17:13:00,000;2023-12-28 11:00:00,000;2023-12-21 10:34:00,000;"diciembre"
"INC1912745";"Solicitante 14";"Cerrado";"3 - Moderada";"Asignado 5";"21/12/2023 15:24";"08/02/2024 9:00";"01/02/2024 8:01";30600;8,5;;8,5;"dic";2023;2024-02-08 09:00:00,000;"08/02/2024 9:00";2023-12-21 15:24:00,000;2024-02-08 09:00:00,000;2024-02-01 08:01:00,000;"febrero"
"INC1917736";"Solicitante 28";"Cerrado";"3 - Moderada";"Asignado 3";"02/01/2024 14:33";"22/01/2024 17:00";"15/01/2024 16:32";54060;15,02;;15,02;"No cerrada";2024;2024-01-22 17:00:00,000;"22/01/2024 17:00";2024-01-02 14:33:00,000;2024-01-22 17:00:00,000;2024-01-15 16:32:00,000;"enero"
"INC1920472";"Solicitante 38";"Cerrado";"3 - Moderada";"Asignado 3";"08/01/2024 11:56";"17/01/2024 11:00";"10/01/2024 10:54";1800;0,5;;0,5;"ene";2024;2024-01-17 11:00:00,000;"17/01/2024 11:00";2024-01-08 11:56:00,000;2024-01-17 11:00:00,000;2024-01-10 10:54:00,000;"enero"
"INC1926418";"Solicitante 31";"Cerrado";"3 - Moderada";"Asignado 5";"17/01/2024 9:41";"25/01/2024 12:00";"18/01/2024 11:08";5400;1,5;;1,5;"ene";2024;2024-01-25 12:00:00,000;"25/01/2024 12:00";2024-01-17 09:41:00,000;2024-01-25 12:00:00,000;2024-01-18 11:08:00,000;"enero"
"INC1928294";"Solicitante 17";"Cerrado";"3 - Moderada";"Asignado 4";"19/01/2024 13:06";"22/02/2024 13:00";"15/02/2024 12:31";57600;16;;16;"feb";2024;2024-02-22 13:00:00,000;"22/02/2024 13:00";2024-01-19 13:06:00,000;2024-02-22 13:00:00,000;2024-02-15 12:31:00,000;"febrero"
"INC1929333";"Solicitante 12";"Cerrado";"3 - Moderada";"Asignado 3";"22/01/2024 9:25";"01/02/2024 12:00";"25/01/2024 11:39";25260;7,02;;7,02;"ene";2024;2024-02-01 12:00:00,000;"01/02/2024 12:00";2024-01-22 09:25:00,000;2024-02-01 12:00:00,000;2024-01-25 11:39:00,000;"febrero"
"INC1936939";"Solicitante 40";"Cerrado";"3 - Moderada";"Asignado 5";"01/02/2024 9:33";"23/02/2024 15:00";"16/02/2024 14:13";25200;7;;7;"feb";2024;2024-02-23 15:00:00,000;"23/02/2024 15:00";2024-02-01 09:33:00,000;2024-02-23 15:00:00,000;2024-02-16 14:13:00,000;"febrero"
"INC1937331";"Solicitante 31";"Cerrado";"3 - Moderada";"Asignado 1";"01/02/2024 17:17";"12/02/2024 14:00";"05/02/2024 13:01";1800;0,5;;0,5;"ene";2024;2024-02-12 14:00:00,000;"12/02/2024 14:00";2024-02-01 17:17:00,000;2024-02-12 14:00:00,000;2024-02-05 13:01:00,000;"febrero"
"INC1937445";"Solicitante 12";"Cerrado";"3 - Moderada";"Asignado 1";"01/02/2024 22:22";"27/02/2024 13:00";"20/02/2024 12:09";26700;12,42;;12,42;"feb";2024;2024-02-27 13:00:00,000;"27/02/2024 13:00";2024-02-01 22:22:00,000;2024-02-27 13:00:00,000;2024-02-20 12:09:00,000;"febrero"
"INC1945905";"Solicitante 19";"Cerrado";"3 - Moderada";"Asignado 2";"14/02/2024 8:54";"23/02/2024 9:00";"16/02/2024 8:42";14400;4;;4;"feb";2024;2024-02-23 09:00:00,000;"23/02/2024 9:00";2024-02-14 08:54:00,000;2024-02-23 09:00:00,000;2024-02-16 08:42:00,000;"febrero"
"INC1954443";"Solicitante 28";"Cerrado";"3 - Moderada";"Asignado 5";"26/02/2024 12:22";"05/03/2024 16:00";"27/02/2024 15:27";14400;4;;4;"feb";2024;2024-03-05 16:00:00,000;"05/03/2024 16:00";2024-02-26 12:22:00,000;2024-03-05 16:00:00,000;2024-02-27 15:27:00,000;"marzo"
"INC1955069";"Solicitante 5";"Cerrado";"3 - Moderada";"Asignado 5";"27/02/2024 7:27";"06/03/2024 10:00";"28/02/2024 9:40";7200;2;;2;"feb";2024;2024-03-06 10:00:00,000;"06/03/2024 10:00";2024-02-27 07:27:00,000;2024-03-06 10:00:00,000;2024-02-28 09:40:00,000;"marzo"
"INC1957553";"Solicitante 11";"Cerrado";"3 - Moderada";"Asignado 3";"29/02/2024 16:32";"12/03/2024 0:00";"04/03/2024 23:55";9000;2,5;;2,5;"mar";2024;2024-03-12 00:00:00,000;"12/03/2024 0:00";2024-02-29 16:32:00,000;2024-03-12 00:00:00,000;2024-03-04 23:55:00,000;"marzo"
"INC1963133";"Solicitante 4";"Cerrado";"3 - Moderada";"Asignado 2";"06/03/2024 17:25";"06/05/2024 15:00";"29/04/2024 14:31";36000;10;;10;"abr";2024;2024-05-06 15:00:00,000;"06/05/2024 15:00";2024-03-06 17:25:00,000;2024-05-06 15:00:00,000;2024-04-29 14:31:00,000;"mayo"
"INC1965611";"Solicitante 17";"Cerrado";"3 - Moderada";"Asignado 4";"08/03/2024 8:53";"27/03/2024 13:00";"20/03/2024 12:09";54000;15;;15;"mar";2024;2024-03-27 13:00:00,000;"27/03/2024 13:00";2024-03-08 08:53:00,000;2024-03-27 13:00:00,000;2024-03-20 12:09:00,000;"marzo"
"INC1967129";"Solicitante 40";"Cerrado";"3 - Moderada";"Asignado 2";"11/03/2024 8:55";"01/04/2024 15:00";"25/03/2024 13:59";28800;8;;8;"mar";2024;2024-04-01 15:00:00,000;"01/04/2024 15:00";2024-03-11 08:55:00,000;2024-04-01 15:00:00,000;2024-03-25 13:59:00,000;"abril"
"INC1969248";"Solicitante 2";"Cerrado";"3 - Moderada";"Asignado 1";"13/03/2024 14:35";"14/03/2024 12:59";"14/03/2024 12:34";5400;1,5;;1,5;"mar";2024;2024-03-14 12:59:00,000;"14/03/2024 12:59";2024-03-13 14:35:00,000;2024-03-14 12:59:00,000;2024-03-14 12:34:00,000;"marzo"
"INC1974895";"Solicitante 35";"Cerrado";"3 - Moderada";"Asignado 3";"20/03/2024 9:31";"12/04/2024 15:00";"05/04/2024 14:36";18000;5;;5;"abr";2024;2024-04-12 15:00:00,000;"12/04/2024 15:00";2024-03-20 09:31:00,000;2024-04-12 15:00:00,000;2024-04-05 14:36:00,000;"abril"
"INC1982268";"Solicitante 13";"Cerrado";"3 - Moderada";"Asignado 1";"22/03/2024 11:24";"16/04/2024 13:00";"09/04/2024 12:39";12600;6,5;;6,5;"abr";2024;2024-04-16 13:00:00,000;"16/04/2024 13:00";2024-03-22 11:24:00,000;2024-04-16 13:00:00,000;2024-04-09 12:39:00,000;"abril"
"INC1983679";"Solicitante 34";"Cerrado";"3 - Moderada";"Asignado 5";"25/03/2024 9:46";"13/05/2024 10:00";"06/05/2024 9:58";7200;2;;2;"may";2024;2024-05-13 10:00:00,000;"13/05/2024 10:00";2024-03-25 09:46:00,000;2024-05-13 10:00:00,000;2024-05-06 09:58:00,000;"mayo"
"INC1983696";"Solicitante 1";"Cerrado";"3 - Moderada";"Asignado 2";"25/03/2024 9:53";"02/04/2024 14:00";"26/03/2024 12:15";9000;2,5;;2,5;"mar";2024;2024-04-02 14:00:00,000;"02/04/2024 14:00";2024-03-25 09:53:00,000;2024-04-02 14:00:00,000;2024-03-26 12:15:00,000;"abril"
"INC1984796";"Solicitante 37";"Cerrado";"3 - Moderada";"Asignado 4";"26/03/2024 9:26";"22/04/2024 13:00";"15/04/2024 12:23";21600;6;;6;"abr";2024;2024-04-22 13:00:00,000;"22/04/2024 13:00";2024-03-26 09:26:00,000;2024-04-22 13:00:00,000;2024-04-15 12:23:00,000;"abril"
"INC1988755";"Solicitante 17";"Cerrado";"3 - Moderada";"Asignado 1";"01/04/2024 13:27";"04/04/2024 9:44";"02/04/2024 17:53";12600;3,5;;3,5;"ene";2024;2024-04-04 09:44:00,000;"04/04/2024 9:44";2024-04-01 13:27:00,000;2024-04-04 09:44:00,000;2024-04-02 17:53:00,000;"abril"
"INC1989515";"Solicitante 11";"Cerrado";"3 - Moderada";"Asignado 5";"02/04/2024 9:11";"10/04/2024 15:00";"03/04/2024 14:35";7200;2;;2;"abr";2024;2024-04-10 15:00:00,000;"10/04/2024 15:00";2024-04-02 09:11:00,000;2024-04-10 15:00:00,000;2024-04-03 14:35:00,000;"abril"
"INC1989620";"Solicitante 26";"Cerrado";"3 - Moderada";"Asignado 4";"02/04/2024 9:44";"04/04/2024 16:09";"03/04/2024 14:28";10800;3;;3;"abr";2024;2024-04-04 16:09:00,000;"04/04/2024 16:09";2024-04-02 09:44:00,000;2024-04-04 16:09:00,000;2024-04-03 14:28:00,000;"abril"
"INC1994934";"Solicitante 40";"Cerrado";"3 - Moderada";"Asignado 2";"08/04/2024 10:28";"17/05/2024 16:00";"10/05/2024 15:13";45000;12,5;;12,5;"may";2024;2024-05-17 16:00:00,000;"17/05/2024 16:00";2024-04-08 10:28:00,000;2024-05-17 16:00:00,000;2024-05-10 15:13:00,000;"mayo"
"INC1995285";"Solicitante 6";"Cerrado";"3 - Moderada";"Asignado 4";"08/04/2024 14:58";"16/04/2024 12:00";"09/04/2024 11:33";12600;3,5;;3,5;"abr";2024;2024-04-16 12:00:00,000;"16/04/2024 12:00";2024-04-08 14:58:00,000;2024-04-16 12:00:00,000;2024-04-09 11:33:00,000;"abril"
"INC1995310";"Solicitante 25";"Cerrado";"3 - Moderada";"Asignado 2";"08/04/2024 15:20";"22/04/2024 13:00";"15/04/2024 12:00";19800;5,5;;5,5;"abr";2024;2024-04-22 13:00:00,000;"22/04/2024 13:00";2024-04-08 15:20:00,000;2024-04-22 13:00:00,000;2024-04-15 12:00:00,000;"abril"
"INC1998065";"Solicitante 14";"Cerrado";"3 - Moderada";"Asignado 1";"11/04/2024 1:15";"01/05/2024 11:00";"24/04/2024 10:26";4500;1,25;;1,25;"abr";2024;2024-05-01 11:00:00,000;"01/05/2024 11:00";2024-04-11 01:15:00,000;2024-05-01 11:00:00,000;2024-04-24 10:26:00,000;"mayo"
"INC2002009";"Solicitante 26";"Cerrado";"3 - Moderada";"Asignado 5";"15/04/2024 11:35";"06/05/2024 12:00";"29/04/2024 11:57";10800;3;;3;"abr";2024;2024-05-06 12:00:00,000;"06/05/2024 12:00";2024-04-15 11:35:00,000;2024-05-06 12:00:00,000;2024-04-29 11:57:00,000;"mayo"
"INC2002269";"Solicitante 33";"Cerrado";"3 - Moderada";"Asignado 5";"15/04/2024 15:44";"06/05/2024 14:00";"29/04/2024 13:53";9000;2,5;;2,5;"abr";2024;2024-05-06 14:00:00,000;"06/05/2024 14:00";2024-04-15 15:44:00,000;2024-05-06 14:00:00,000;2024-04-29 13:53:00,000;"mayo"
"INC2003389";"Solicitante 34";"Cerrado";"3 - Moderada";"Asignado 1";"16/04/2024 13:12";"29/04/2024 10:00";"22/04/2024 9:29";14400;4;;4;"abr";2024;2024-04-29 10:00:00,000;"29/04/2024 10:00";2024-04-16 13:12:00,000;2024-04-29 10:00:00,000;2024-04-22 09:29:00,000;"abril"
"INC2004726";"Solicitante 19";"Cerrado";"3 - Moderada";"Asignado 1";"17/04/2024 15:34";"10/05/2024 12:00";"03/05/2024 11:08";34200;9,5;;9,5;"may";2024;2024-05-10 12:00:00,000;"10/05/2024 12:00";2024-04-17 15:34:00,000;2024-05-10 12:00:00,000;2024-05-03 11:08:00,000;"mayo"
"INC2012389";"Solicitante 2";"Cerrado";"3 - Moderada";"Asignado 5";"25/04/2024 16:21";"13/05/2024 18:00";"06/05/2024 17:22";5400;1,5;;1,5;"may";2024;2024-05-13 18:00:00,000;"13/05/2024 18:00";2024-04-25 16:21:00,000;2024-05-13 18:00:00,000;2024-05-06 17:22:00,000;"mayo"
"INC2018075";"Solicitante 37";"Cerrado";"3 - Moderada";"Asignado 4";"03/05/2024 10:43";"13/05/2024 18:00";"06/05/2024 17:39";7200;2;;2;"mar";2024;2024-05-13 18:00:00,000;"13/05/2024 18:00";2024-05-03 10:43:00,000;2024-05-13 18:00:00,000;2024-05-06 17:39:00,000;"mayo"
"INC2020026";"Solicitante 40";"Cerrado";"3 - Moderada";"Asignado 5";"06/05/2024 12:10";"16/07/2024 15:00";"09/07/2024 14:58";169500;47,08;;47,08;"No cerrada";2024;2024-07-16 15:00:00,000;"16/07/2024 15:00";2024-05-06 12:10:00,000;2024-07-16 15:00:00,000;2024-07-09 14:58:00,000;"julio"
"INC2036743";"Solicitante 29";"Cerrado";"3 - Moderada";"Asignado 4";"21/05/2024 12:23";"06/06/2024 12:00";"30/05/2024 11:58";25260;7,02;;7,02;"may";2024;2024-06-06 12:00:00,000;"06/06/2024 12:00";2024-05-21 12:23:00,000;2024-06-06 12:00:00,000;2024-05-30 11:58:00,000;"junio"
"INC2041855";"Solicitante 34";"Cerrado";"3 - Moderada";"Asignado 1";"27/05/2024 15:27";"06/06/2024 12:00";"30/05/2024 11:56";7260;2,02;;2,02;"may";2024;2024-06-06 12:00:00,000;"06/06/2024 12:00";2024-05-27 15:27:00,000;2024-06-06 12:00:00,000;2024-05-30 11:56:00,000;"junio"
"INC2053590";"Solicitante 12";"Cerrado";"3 - Moderada";"Asignado 2";"06/06/2024 9:39";"18/06/2024 15:00";"11/06/2024 14:19";13500;3,75;;3,75;"jun";2024;2024-06-18 15:00:00,000;"18/06/2024 15:00";2024-06-06 09:39:00,000;2024-06-18 15:00:00,000;2024-06-11 14:19:00,000;"junio"
"INC2058194";"Solicitante 21";"Cerrado";"3 - Moderada";"Asignado 2";"10/06/2024 12:21";"21/06/2024 10:00";"14/06/2024 9:49";46800;13;;13;"jun";2024;2024-06-21 10:00:00,000;"21/06/2024 10:00";2024-06-10 12:21:00,000;2024-06-21 10:00:00,000;2024-06-14 09:49:00,000;"junio"
"INC2058298";"Solicitante 30";"Cerrado";"3 - Moderada";"Asignado 2";"10/06/2024 13:04";"25/06/2024 10:00";"18/06/2024 9:15";8400;2,33;;2,33;"jun";2023;2024-06-25 10:00:00,000;"25/06/2024 10:00";2024-06-10 13:04:00,000;2024-06-25 10:00:00,000;2024-06-18 09:15:00,000;"junio"
"INC2079895";"Solicitante 32";"Cerrado";"3 - Moderada";"Asignado 4";"24/06/2024 12:16";"08/07/2024 10:00";"01/07/2024 9:41";36060;10,02;;10,02;"No cerrada";2024;2024-07-08 10:00:00,000;"08/07/2024 10:00";2024-06-24 12:16:00,000;2024-07-08 10:00:00,000;2024-07-01 09:41:00,000;"julio"
"INC2084707";"Solicitante 27";"Cerrado";"3 - Moderada";"Asignado 2";"28/06/2024 15:45";"15/07/2024 9:00";"08/07/2024 8:43";3660;1,02;;1,02;"jul";2024;2024-07-15 09:00:00,000;"15/07/2024 9:00";2024-06-28 15:45:00,000;2024-07-15 09:00:00,000;2024-07-08 08:43:00,000;"julio"
"INC2089780";"Solicitante 21";"Cerrado";"3 - Moderada";"Asignado 1";"04/07/2024 13:35";"12/07/2024 9:01";"05/07/2024 8:35";2220;0,62;;0,62;"jul";2024;2024-07-12 09:01:00,000;"12/07/2024 9:01";2024-07-04 13:35:00,000;2024-07-12 09:01:00,000;2024-07-05 08:35:00,000;"julio"
"INC2095327";"Solicitante 37";"Cerrado";"3 - Moderada";"Asignado 1";"11/07/2024 9:45";"05/08/2024 10:36";"12/07/2024 10:08";4500;1,25;;1,25;"jul";2024;2024-08-05 10:36:00,000;"19/07/2024 11:00";2024-07-11 09:45:00,000;2024-07-19 11:00:00,000;2024-07-12 10:08:00,000;"julio"
"INC2096109";"Solicitante 27";"Cerrado";"3 - Moderada";"Asignado 1";"12/07/2024 8:45";"08/08/2024 19:00";"01/08/2024 18:24";4500;1,25;;1,25;"ago";2024;2024-08-08 19:00:00,000;"08/08/2024 19:00";2024-07-12 08:45:00,000;2024-08-08 19:00:00,000;2024-08-01 18:24:00,000;"agosto"
"INC2096167";"Solicitante 30";"Cerrado";"3 - Moderada";"Asignado 4";"12/07/2024 9:36";"22/07/2024 10:00";"15/07/2024 9:18";2400;0,67;;0,67;"mar";2024;2024-07-22 10:00:00,000;"22/07/2024 10:00";2024-07-12 09:36:00,000;2024-07-22 10:00:00,000;2024-07-15 09:18:00,000;"julio"
"INC2097856";"Solicitante 35";"Cerrado";"3 - Moderada";"Asignado 3";"15/07/2024 12:19";"30/07/2024 14:00";"23/07/2024 13:46";48600;13,5;;13,5;"jul";2024;2024-07-30 14:00:00,000;"30/07/2024 14:00";2024-07-15 12:19:00,000;2024-07-30 14:00:00,000;2024-07-23 13:46:00,000;"julio"
"INC2121802";"Solicitante 28";"Cerrado";"3 - Moderada";"Asignado 3";"06/08/2024 11:23";"15/08/2024 16:00";"08/08/2024 15:08";9000;2,5;;2,5;"ago";2024;2024-08-15 16:00:00,000;"15/08/2024 16:00";2024-08-06 11:23:00,000;2024-08-15 16:00:00,000;2024-08-08 15:08:00,000;"agosto"
"INC2131445";"Solicitante 26";"Cerrado";"3 - Moderada";"Asignado 2";"14/08/2024 13:40";"23/08/2024 16:00";"16/08/2024 15:48";14400;4;;4;"ago";2024;2024-08-23 16:00:00,000;"23/08/2024 16:00";2024-08-14 13:40:00,000;2024-08-23 16:00:00,000;2024-08-16 15:48:00,000;"agosto"
"INC2131503";"Solicitante 21";"Cerrado";"3 - Moderada";"Asignado 1";"14/08/2024 14:22";"04/09/2024 16:35";"04/09/2024 13:46";43200;12;;12;"sept";2024;2024-09-04 16:35:00,000;"04/09/2024 16:35";2024-08-14 14:22:00,000;2024-09-04 16:35:00,000;2024-09-04 13:46:00,000;"septiembre"
"INC2143322";"Solicitante 9";"Cerrado";"3 - Moderada";"Asignado 5";"26/08/2024 13:29";"05/09/2024 9:00";"29/08/2024 8:56";7800;2,17;;2,17;"ago";2024;2024-09-05 09:00:00,000;"05/09/2024 9:00";2024-08-26 13:29:00,000;2024-09-05 09:00:00,000;2024-08-29 08:56:00,000;"septiembre"
"INC2148295";"Solicitante 17";"Cerrado";"3 - Moderada";"Asignado 1";"30/08/2024 13:25";"02/09/2024 9:11";"02/09/2024 9:10";7200;2;;2;"sept";2023;2024-09-02 09:11:00,000;"02/09/2024 9:11";2024-08-30 13:25:00,000;2024-09-02 09:11:00,000;2024-09-02 09:10:00,000;"septiembre"
"INC2152311";"Solicitante 31";"Cerrado";"3 - Moderada";"Asignado 5";"03/09/2024 22:17";"11/09/2024 19:00";"04/09/2024 18:01";3600;1;;1;"sept";2024;2024-09-11 19:00:00,000;"11/09/2024 19:00";2024-09-03 22:17:00,000;2024-09-11 19:00:00,000;2024-09-04 18:01:00,000;"septiembre"
"INC2173109";"Solicitante 6";"Cerrado";"3 - Moderada";"Asignado 5";"20/09/2024 8:54";"09/10/2024 17:00";"02/10/2024 16:07";10800;3;;3;"oct";2024;2024-10-09 17:00:00,000;"09/10/2024 17:00";2024-09-20 08:54:00,000;2024-10-09 17:00:00,000;2024-10-02 16:07:00,000;"octubre"
"INC2192730";"Solicitante 8";"Cerrado";"3 - Moderada";"Asignado 3";"10/10/2024 12:38";"18/10/2024 14:00";"11/10/2024 13:13";1800;0,5;;0,5;"oct";2024;2024-10-18 14:00:00,000;"18/10/2024 14:00";2024-10-10 12:38:00,000;2024-10-18 14:00:00,000;2024-10-11 13:13:00,000;"octubre"
"INC2219685";"Solicitante 36";"Cerrado";"3 - Moderada";"Asignado 2";"31/10/2024 14:13";"17/04/2025 14:00";"10/04/2025 13:37";84900;23,58;;23,58;"abr";2025;2025-04-17 14:00:00,000;"17/04/2025 14:00";2024-10-31 14:13:00,000;2025-04-17 14:00:00,000;2025-04-10 13:37:00,000;"abril"
"INC2224171";"Solicitante 13";"Cerrado";"3 - Moderada";"Asignado 3";"05/11/2024 10:42";"13/11/2024 9:00";"06/11/2024 8:46";7200;2;;2;"nov";2024;2024-11-13 09:00:00,000;"13/11/2024 9:00";2024-11-05 10:42:00,000;2024-11-13 09:00:00,000;2024-11-06 08:46:00,000;"noviembre"
"INC2250980";"Solicitante 34";"Cerrado";"3 - Moderada";"Asignado 1";"27/11/2024 14:55";"05/12/2024 16:00";"28/11/2024 15:47";10800;3;;3;"nov";2024;2024-12-05 16:00:00,000;"05/12/2024 16:00";2024-11-27 14:55:00,000;2024-12-05 16:00:00,000;2024-11-28 15:47:00,000;"diciembre"
"INC2259888";"Solicitante 40";"Cerrado";"3 - Moderada";"Asignado 2";"05/12/2024 13:57";"20/01/2025 17:00";"13/01/2025 16:51";72000;20;;20;"ene";2025;2025-01-20 17:00:00,000;"20/01/2025 17:00";2024-12-05 13:57:00,000;2025-01-20 17:00:00,000;2025-01-13 16:51:00,000;"enero"
"INC2264225";"Solicitante 40";"Cerrado";"3 - Moderada";"Asignado 3";"10/12/2024 12:14";"19/12/2024 9:06";"12/12/2024 10:05";6000;1,67;;1,67;"dic";2024;2024-12-19 09:06:00,000;"19/12/2024 9:06";2024-12-10 12:14:00,000;2024-12-19 09:06:00,000;2024-12-12 10:05:00,000;"diciembre"
"INC2273345";"Solicitante 27";"Cerrado";"3 - Moderada";"Asignado 3";"18/12/2024 9:01";"25/12/2024 12:00";"18/12/2024 11:00";1200;0,33;;0,33;"ene";2024;2024-12-25 12:00:00,000;"25/12/2024 12:00";2024-12-18 09:01:00,000;2024-12-25 12:00:00,000;2024-12-18 11:00:00,000;"diciembre"
"INC2275587";"Solicitante 22";"Cerrado";"3 - Moderada";"Asignado 2";"20/12/2024 12:52";"02/01/2025 14:00";"26/12/2024 13:56";1200;0,33;;0,33;"dic";2024;2025-01-02 14:00:00,000;"02/01/2025 14:00";2024-12-20 12:52:00,000;2025-01-02 14:00:00,000;2024-12-26 13:56:00,000;"enero"
"INC2281844";"Solicitante 15";"Cerrado";"3 - Moderada";"Asignado 2";"02/01/2025 10:21";"17/02/2025 13:00";"10/02/2025 12:52";234000;65;;65;"feb";2025;2025-02-17 13:00:00,000;"17/02/2025 13:00";2025-01-02 10:21:00,000;2025-02-17 13:00:00,000;2025-02-10 12:52:00,000;"febrero"
"INC2282271";"Solicitante 23";"Cerrado";"3 - Moderada";"Asignado 3";"02/01/2025 19:47";"20/01/2025 9:00";"13/01/2025 8:51";18000;5,33;;5,33;"feb";2025;2025-01-20 09:00:00,000;"20/01/2025 9:00";2025-01-02 19:47:00,000;2025-01-20 09:00:00,000;2025-01-13 08:51:00,000;"enero"
"INC2285082";"Solicitante 8";"Cerrado";"3 - Moderada";"Asignado 5";"07/01/2025 8:02";"20/01/2025 11:29";"17/01/2025 12:33";1200;0,33;;0,33;"ene";2025;2025-01-20 11:29:00,000;"17/01/2025 13:16";2025-01-07 08:02:00,000;2025-01-17 13:16:00,000;2025-01-17 12:33:00,000;"enero"
"INC2286609";"Solicitante 22";"Cerrado";"3 - Moderada";"Asignado 4";"08/01/2025 15:46";"16/01/2025 11:00";"09/01/2025 10:12";900;0,25;;0,25;"ene";2025;2025-01-16 11:00:00,000;"16/01/2025";2025-01-08 15:46:00,000;2025-01-16 00:00:00,000;2025-01-09 10:12:00,000;"enero"
"INC2303905";"Solicitante 36";"Cerrado";"3 - Moderada";"Asignado 4";"24/01/2025 8:24";"03/02/2025 13:00";"27/01/2025 12:14";8100;2,25;;2,25;"ene";2025;2025-02-03 13:00:00,000;"03/02/2025 13:00";2025-01-24 08:24:00,000;2025-02-03 13:00:00,000;2025-01-27 12:14:00,000;"febrero"
"INC2323059";"Solicitante 4";"Cerrado";"3 - Moderada";"Asignado 4";"10/02/2025 11:55";"17/02/2025 14:00";"10/02/2025 13:40";2100;0,58;;0,58;"feb";2025;2025-02-17 14:00:00,000;"17/02/2025 14:00";2025-02-10 11:55:00,000;2025-02-17 14:00:00,000;2025-02-10 13:40:00,000;"febrero"
"INC2324370";"Solicitante 30";"Cerrado";"3 - Moderada";"Asignado 1";"11/02/2025 11:13";"12/03/2025 14:00";"05/03/2025 13:26";19800;5,5;;5,5;"mar";2025;2025-03-12 14:00:00,000;"12/03/2025 14:00";2025-02-11 11:13:00,000;2025-03-12 14:00:00,000;2025-03-05 13:26:00,000;"marzo"
"INC2324553";"Solicitante 40";"Cerrado";"3 - Moderada";"Asignado 5";"11/02/2025 13:25";"18/03/2025 16:00";"11/03/2025 15:46";25200;7;;7;"mar";2025;2025-03-18 16:00:00,000;"18/03/2025 16:00";2025-02-11 13:25:00,000;2025-03-18 16:00:00,000;2025-03-11 15:46:00,000;"marzo"
"INC2335343";"Solicitante 24";"Cerrado";"3 - Moderada";"Asignado 5";"20/02/2025 15:39";"05/03/2025 11:00";"26/02/2025 10:26";38100;10,74;;10,74;"feb";2025;2025-03-05 11:00:00,000;"05/03/2025 11:00";2025-02-20 15:39:00,000;2025-03-05 11:00:00,000;2025-02-26 10:26:00,000;"marzo"
"INC2336102";"Solicitante 11";"Cerrado";"3 - Moderada";"Asignado 5";"21/02/2025 9:17";"25/02/2025 8:32";"24/02/2025 13:37";1500;0,42;;0,42;"feb";2025;2025-02-25 08:32:00,000;"25/02/2025";2025-02-21 09:17:00,000;2025-02-25 00:00:00,000;2025-02-24 13:37:00,000;"febrero"
"INC2345532";"Solicitante 30";"Cerrado";"3 - Moderada";"Asignado 3";"03/03/2025 11:41";"05/03/2025 9:20";"04/03/2025 13:42";900;0,25;;0,25;"mar";2025;2025-03-05 09:20:00,000;"05/03/2025 9:20";2025-03-03 11:41:00,000;2025-03-05 09:20:00,000;2025-03-04 13:42:00,000;"marzo"
"INC2347727";"Solicitante 27";"Cerrado";"3 - Moderada";"Asignado 3";"05/03/2025 10:23";"19/03/2025 17:00";"12/03/2025 16:19";16200;4,5;;4,5;"mar";2025;2025-03-19 17:00:00,000;"19/03/2025 17:00";2025-03-05 10:23:00,000;2025-03-19 17:00:00,000;2025-03-12 16:19:00,000;"marzo"
"INC2356354";"Solicitante 18";"Cerrado";"3 - Moderada";"Asignado 3";"10/03/2025 16:15";"20/03/2025 17:00";"13/03/2025 16:48";2100;0,58;;0,58;"mar";2025;2025-03-20 17:00:00,000;"20/03/2025 17:00";2025-03-10 16:15:00,000;2025-03-20 17:00:00,000;2025-03-13 16:48:00,000;"marzo"
"INC2362088";"Solicitante 9";"Cerrado";"3 - Moderada";"Asignado 1";"17/03/2025 8:49";"03/04/2025 16:00";"27/03/2025 14:09";48600;13,5;;13,5;"mar";2025;2025-04-03 16:00:00,000;"03/04/2025 16:00";2025-03-17 08:49:00,000;2025-04-03 16:00:00,000;2025-03-27 14:09:00,000;"abril"
"INC2362357";"Solicitante 17";"Cerrado";"3 - Moderada";"Asignado 1";"17/03/2025 12:07";"04/04/2025 13:00";"28/03/2025 11:03";60000;16,67;;16,67;"mar";2025;2025-04-04 13:00:00,000;"04/04/2025 13:00";2025-03-17 12:07:00,000;2025-04-04 13:00:00,000;2025-03-28 11:03:00,000;"abril"
"INC2367308";"Solicitante 37";"Cerrado";"3 - Moderada";"Asignado 4";"20/03/2025 13:27";"20/05/2025 9:00";"13/05/2025 8:59";33000;9,17;;9,17;"may";2025;2025-05-20 09:00:00,000;"20/05/2025 9:00";2025-03-20 13:27:00,000;2025-05-20 09:00:00,000;2025-05-13 08:59:00,000;"mayo"
"INC2377604";"Solicitante 16";"Cerrado";"3 - Moderada";"Asignado 1";"31/03/2025 11:26";"16/05/2025 12:00";"09/05/2025 11:58";97200;27;;27;"may";2025;2025-05-16 12:00:00,000;"16/05/2025 12:00";2025-03-31 11:26:00,000;2025-05-16 12:00:00,000;2025-05-09 11:58:00,000;"mayo"
"INC2379114";"Solicitante 28";"Cerrado";"3 - Moderada";"Asignado 3";"01/04/2025 11:41";"14/04/2025 18:00";"07/04/2025 17:02";46800;40;;40;"abr";2025;2025-04-14 18:00:00,000;"14/04/2025 18:00";2025-04-01 11:41:00,000;2025-04-14 18:00:00,000;2025-04-07 17:02:00,000;"abril"
"INC2382756";"Solicitante 4";"Cerrado";"3 - Moderada";"Asignado 5";"04/04/2025 12:38";"16/04/2025 10:00";"09/04/2025 9:12";8400;2,33;;2,33;"abr";2025;2025-04-16 10:00:00,000;"16/04/2025 10:00";2025-04-04 12:38:00,000;2025-04-16 10:00:00,000;2025-04-09 09:12:00,000;"abril"
"INC2406192";"Solicitante 24";"Cerrado";"3 - Moderada";"Asignado 5";"30/04/2025 10:47";"07/05/2025 18:00";"30/04/2025 17:22";3660;1,02;;1,02;"abr";2025;2025-05-07 18:00:00,000;"07/05/2025 18:00";2025-04-30 10:47:00,000;2025-05-07 18:00:00,000;2025-04-30 17:22:00,000;"mayo"
"INC1773133";"Solicitante 17";"Cerrado";"3 - Moderada";"Asignado 5";"05/07/2023 13:03";"15/08/2023 13:00";"08/08/2023 12:25";63120;17,53;18;18;"ago";2023;2023-08-15 13:00:00,000;"15/08/2023 13:00";2023-07-05 13:03:00,000;2023-08-15 13:00:00,000;2023-08-08 12:25:00,000;"agosto"
"INC1790277";"Solicitante 20";"Cerrado";"4 - Baja";"Asignado 3";"26/07/2023 10:14";"14/08/2023 9:00";"07/08/2023 8:55";18000;5;18;18;"ago";2023;2023-08-14 09:00:00,000;"14/08/2023 9:00";2023-07-26 10:14:00,000;2023-08-14 09:00:00,000;2023-08-07 08:55:00,000;"agosto"
"INC1795394";"Solicitante 39";"Cancelado";"4 - Baja";"Asignado 3";"02/08/2023 9:29";"07/08/2023 8:47";"";0;0;3;3;"ago";2023;2023-08-07 08:47:00,000;"07/08/2023 8:47";2023-08-02 09:29:00,000;2023-08-07 08:47:00,000;;"agosto"
"INC1796392";"Solicitante 40";"Cerrado";"4 - Baja";"Asignado 4";"03/08/2023 11:53";"14/08/2023 12:00";"07/08/2023 11:56";18002;5;20;20;"ago";2023;2023-08-14 12:00:00,000;"14/08/2023 12:00";2023-08-03 11:53:00,000;2023-08-14 12:00:00,000;2023-08-07 11:56:00,000;"agosto"
"INC1797371";"Solicitante 40";"Cancelado";"2 - Alta";"Asignado 5";"04/08/2023 15:11";"07/08/2023 11:16";"";0;0;0,5;0,5;"ago";2023;2023-08-07 11:16:00,000;"07/08/2023 11:16";2023-08-04 15:11:00,000;2023-08-07 11:16:00,000;;"agosto"
"INC1798845";"Solicitante 38";"Cancelado";"3 - Moderada";"Asignado 4";"07/08/2023 10:03";"07/08/2023 10:58";"";0;0;1;1;"ene";2023;2023-08-07 10:58:00,000;"07/08/2023 10:58";2023-08-07 10:03:00,000;2023-08-07 10:58:00,000;;"agosto"
"INC1799206";"Solicitante 39";"Cancelado";"3 - Moderada";"Asignado 2";"07/08/2023 15:52";"08/08/2023 16:27";"";3600;1;8;8;"ago";2023;2023-08-08 16:27:00,000;"08/08/2023 16:27";2023-08-07 15:52:00,000;2023-08-08 16:27:00,000;;"agosto"
"INC1799248";"Solicitante 3";"Cancelado";"2 - Alta";"Asignado 1";"07/08/2023 17:55";"08/08/2023 10:32";"";0;0;28;28;"ago";2023;2023-08-08 10:32:00,000;"08/08/2023 10:32";2023-08-07 17:55:00,000;2023-08-08 10:32:00,000;;"agosto"
"INC1799299";"Solicitante 31";"Cancelado";"2 - Alta";"Asignado 5";"07/08/2023 20:03";"08/08/2023 17:12";"";0;0;1;1;"ago";2023;2023-08-08 17:12:00,000;"08/08/2023 17:12";2023-08-07 20:03:00,000;2023-08-08 17:12:00,000;;"agosto"
"INC1806045";"Solicitante 24";"Cerrado";"4 - Baja";"Asignado 1";"17/08/2023 13:14";"13/09/2023 11:08";"12/09/2023 12:13";32400;9;9;9;"sept";2023;2023-09-13 11:08:00,000;"13/09/2023 11:08";2023-08-17 13:14:00,000;2023-09-13 11:08:00,000;2023-09-12 12:13:00,000;"septiembre"
"INC1806149";"Solicitante 38";"Cancelado";"3 - Moderada";"Asignado 3";"17/08/2023 15:41";"17/08/2023 18:31";"";0;0;0;0;"ago";2023;2023-08-17 18:31:00,000;"17/08/2023 18:31";2023-08-17 15:41:00,000;2023-08-17 18:31:00,000;;"agosto"
"INC1806478";"Solicitante 24";"Cerrado";"3 - Moderada";"Asignado 1";"18/08/2023 8:46";"25/08/2023 17:00";"18/08/2023 16:57";3600;1;1;1;"No cerrada";2023;2023-08-25 17:00:00,000;"25/08/2023 17:00";2023-08-18 08:46:00,000;2023-08-25 17:00:00,000;2023-08-18 16:57:00,000;"agosto"
"INC1811533";"Solicitante 17";"Cancelado";"2 - Alta";"Asignado 2";"25/08/2023 1:09";"29/08/2023 9:36";"";5400;1,5;1,5;1,5;"ago";2023;2023-08-29 09:36:00,000;"29/08/2023 9:36";2023-08-25 01:09:00,000;2023-08-29 09:36:00,000;;"agosto"
"INC1811771";"Solicitante 39";"Cancelado";"2 - Alta";"Asignado 3";"25/08/2023 8:30";"30/08/2023 13:52";"";10800;3;3;3;"ago";2023;2023-08-30 13:52:00,000;"30/08/2023 13:52";2023-08-25 08:30:00,000;2023-08-30 13:52:00,000;;"agosto"
"INC1811829";"Solicitante 20";"Cerrado";"2 - Alta";"Asignado 3";"25/08/2023 9:28";"06/09/2023 11:00";"30/08/2023 10:33";7200;2;2;2;"ago";2023;2023-09-06 11:00:00,000;"06/09/2023 11:00";2023-08-25 09:28:00,000;2023-09-06 11:00:00,000;2023-08-30 10:33:00,000;"septiembre"
"INC1813366";"Solicitante 5";"Cancelado";"4 - Baja";"Asignado 3";"28/08/2023 9:10";"01/09/2023 10:17";"";1800;0,5;0,5;0,5;"sept";2023;2023-09-01 10:17:00,000;"01/09/2023 10:17";2023-08-28 09:10:00,000;2023-09-01 10:17:00,000;;"septiembre"
"INC1813388";"Solicitante 14";"Cerrado";"2 - Alta";"Asignado 3";"28/08/2023 9:28";"05/09/2023 13:00";"29/08/2023 12:12";1800;0,5;0,5;0,5;"ago";2023;2023-09-05 13:00:00,000;"05/09/2023 13:00";2023-08-28 09:28:00,000;2023-09-05 13:00:00,000;2023-08-29 12:12:00,000;"septiembre"
"INC1814552";"Solicitante 9";"Cerrado";"3 - Moderada";"Asignado 3";"29/08/2023 9:30";"07/09/2023 15:26";"07/09/2023 11:20";19860;5,52;5,5;5,5;"sept";2023;2023-09-07 15:26:00,000;"07/09/2023 15:26";2023-08-29 09:30:00,000;2023-09-07 15:26:00,000;2023-09-07 11:20:00,000;"septiembre"
"INC1816490";"Solicitante 17";"Cerrado";"3 - Moderada";"Asignado 2";"31/08/2023 13:07";"07/09/2023 16:00";"31/08/2023 15:57";3600;1;1;1;"ago";2023;2023-09-07 16:00:00,000;"07/09/2023 16:00";2023-08-31 13:07:00,000;2023-09-07 16:00:00,000;2023-08-31 15:57:00,000;"septiembre"
"INC1819330";"Solicitante 35";"Cerrado";"2 - Alta";"Asignado 5";"04/09/2023 9:51";"20/09/2023 11:00";"13/09/2023 10:06";37800;10,5;10,5;10,5;"sept";2023;2023-09-20 11:00:00,000;"20/09/2023 11:00";2023-09-04 09:51:00,000;2023-09-20 11:00:00,000;2023-09-13 10:06:00,000;"septiembre"
"INC1822133";"Solicitante 11";"Cancelado";"3 - Moderada";"Asignado 5";"06/09/2023 8:59";"08/09/2023 10:17";"";3600;1;1;1;"sept";2023;2023-09-08 10:17:00,000;"08/09/2023 10:17";2023-09-06 08:59:00,000;2023-09-08 10:17:00,000;;"septiembre"
"INC1825169";"Solicitante 16";"Cancelado";"3 - Moderada";"Asignado 3";"07/09/2023 16:31";"18/09/2023 17:27";"";28800;8;8;8;"ago";2023;2023-09-18 17:27:00,000;"18/09/2023 17:27";2023-09-07 16:31:00,000;2023-09-18 17:27:00,000;;"septiembre"
"INC1825561";"Solicitante 20";"Cancelado";"4 - Baja";"Asignado 4";"08/09/2023 9:32";"08/09/2023 14:53";"";7200;2;2;2;"sept";2023;2023-09-08 14:53:00,000;"08/09/2023 14:53";2023-09-08 09:32:00,000;2023-09-08 14:53:00,000;;"septiembre"
"INC1825601";"Solicitante 30";"Cerrado";"3 - Moderada";"Asignado 1";"08/09/2023 8:52";"18/09/2023 10:00";"11/09/2023 9:06";1800;0,5;0,5;0,5;"sept";2023;2023-09-18 10:00:00,000;"18/09/2023 10:00";2023-09-08 08:52:00,000;2023-09-18 10:00:00,000;2023-09-11 09:06:00,000;"septiembre"
"INC1827910";"Solicitante 20";"Cancelado";"4 - Baja";"Asignado 3";"11/09/2023 18:27";"12/09/2023 15:53";"";1800;0,5;0,5;0,5;"sept";2023;2023-09-12 15:53:00,000;"12/09/2023 15:53";2023-09-11 18:27:00,000;2023-09-12 15:53:00,000;;"septiembre"
"INC1828401";"Solicitante 31";"Cerrado";"4 - Baja";"Asignado 5";"12/09/2023 10:09";"25/09/2023 11:00";"18/09/2023 10:18";21600;6;6;6;"sept";2023;2023-09-25 11:00:00,000;"25/09/2023 11:00";2023-09-12 10:09:00,000;2023-09-25 11:00:00,000;2023-09-18 10:18:00,000;"septiembre"
"INC1829374";"Solicitante 6";"Cancelado";"4 - Baja";"Asignado 1";"13/09/2023 10:39";"27/09/2023 10:55";"";7200;2;2;2;"sept";2023;2023-09-27 10:55:00,000;"27/09/2023 10:55";2023-09-13 10:39:00,000;2023-09-27 10:55:00,000;;"septiembre"
"INC1831235";"Solicitante 16";"Cerrado";"2 - Alta";"Asignado 3";"15/09/2023 8:49";"22/09/2023 14:00";"15/09/2023 13:40";0;0;0;0;"sept";2023;2023-09-22 14:00:00,000;"22/09/2023 14:00";2023-09-15 08:49:00,000;2023-09-22 14:00:00,000;2023-09-15 13:40:00,000;"septiembre"
"INC1831278";"Solicitante 21";"Cancelado";"4 - Baja";"Asignado 3";"15/09/2023 9:02";"19/09/2023 17:01";"";10800;3;3;3;"sept";2023;2023-09-19 17:01:00,000;"19/09/2023 17:01";2023-09-15 09:02:00,000;2023-09-19 17:01:00,000;;"septiembre"
"INC1833763";"Solicitante 9";"Cerrado";"4 - Baja";"Asignado 2";"18/09/2023 16:37";"28/09/2023 17:00";"21/09/2023 16:02";5461;1,52;1,5;1,5;"sept";2023;2023-09-28 17:00:00,000;"28/09/2023 17:00";2023-09-18 16:37:00,000;2023-09-28 17:00:00,000;2023-09-21 16:02:00,000;"septiembre"
"INC1835649";"Solicitante 22";"Cerrado";"2 - Alta";"Asignado 5";"20/09/2023 10:51";"27/09/2023 16:00";"20/09/2023 15:39";7200;2;2;2;"No cerrada";2023;2023-09-27 16:00:00,000;"27/09/2023 16:00";2023-09-20 10:51:00,000;2023-09-27 16:00:00,000;2023-09-20 15:39:00,000;"septiembre"
"INC1837913";"Solicitante 24";"Cancelado";"4 - Baja";"Asignado 2";"22/09/2023 13:44";"28/09/2023 11:57";"";10800;3;3;3;"sept";2023;2023-09-28 11:57:00,000;"28/09/2023 11:57";2023-09-22 13:44:00,000;2023-09-28 11:57:00,000;;"septiembre"
"INC1839476";"Solicitante 9";"Cancelado";"2 - Alta";"Asignado 4";"25/09/2023 12:19";"28/09/2023 9:35";"";3600;1;1;1;"sept";2023;2023-09-28 09:35:00,000;"28/09/2023 9:35";2023-09-25 12:19:00,000;2023-09-28 09:35:00,000;;"septiembre"
"INC1841413";"Solicitante 12";"Cancelado";"3 - Moderada";"Asignado 3";"27/09/2023 9:31";"27/09/2023 9:51";"";0;0;0;0;"sept";2023;2023-09-27 09:51:00,000;"27/09/2023 9:51";2023-09-27 09:31:00,000;2023-09-27 09:51:00,000;;"septiembre"
"INC1905140";"Solicitante 11";"Cerrado";"4 - Baja";"Asignado 1";"12/12/2023 13:40";"24/02/2024 12:00";"17/02/2024 11:06";146400;40,67;8,6;8,6;"feb";2023;2024-02-24 12:00:00,000;"24/02/2024 12:00";2023-12-12 13:40:00,000;2024-02-24 12:00:00,000;2024-02-17 11:06:00,000;"febrero"
"INC2095396";"Solicitante 37";"Cerrado";"3 - Moderada";"Asignado 4";"11/07/2024 10:50";"12/08/2024 12:00";"05/08/2024 11:20";16800;4,67;4,67;4,67;"ago";2024;2024-08-12 12:00:00,000;"12/08/2024 12:00";2024-07-11 10:50:00,000;2024-08-12 12:00:00,000;2024-08-05 11:20:00,000;"agosto"
"INC2095461";"Solicitante 34";"Cerrado";"3 - Moderada";"Asignado 2";"11/07/2024 11:43";"12/08/2024 11:00";"05/08/2024 10:36";6300;1,75;1,75;1,75;"ago";2024;2024-08-12 11:00:00,000;"12/08/2024 11:00";2024-07-11 11:43:00,000;2024-08-12 11:00:00,000;2024-08-05 10:36:00,000;"agosto"
"INC2096173";"Solicitante 8";"Cerrado";"3 - Moderada";"Asignado 4";"12/07/2024 9:43";"12/08/2024 11:00";"05/08/2024 10:36";4500;1,25;1,25;1,25;"ago";2024;2024-08-12 11:00:00,000;"12/08/2024 11:00";2024-07-12 09:43:00,000;2024-08-12 11:00:00,000;2024-08-05 10:36:00,000;"agosto"
"INC2232693";"Solicitante 23";"Diferido";"3 - Moderada";"Asignado 5";"13/11/2024 13:12";"13/11/2024 14:23";"";0;0;4;0;"nov";2024;2024-11-13 14:23:00,000;"26/11/2024 10:00";2024-11-13 13:12:00,000;2024-11-26 10:00:00,000;;"noviembre"
"INC2273887";"Solicitante 33";"Cerrado";"2 - Alta";"Asignado 1";"18/12/2024 15:24";"28/01/2025 14:00";"21/01/2025 13:05";51360;14,27;7,5;7,5;"ene";2025;2025-01-28 14:00:00,000;"28/01/2025 14:00";2024-12-18 15:24:00,000;2025-01-28 14:00:00,000;2025-01-21 13:05:00,000;"enero"
"INC2316111";"Solicitante 9";"Cerrado";"4 - Baja";"Asignado 2";"04/02/2025 16:03";"25/02/2025 13:00";"18/02/2025 12:39";20100;5,58;1,5;1,5;"feb";2025;2025-02-25 13:00:00,000;"25/02/2025 13:00";2025-02-04 16:03:00,000;2025-02-25 13:00:00,000;2025-02-18 12:39:00,000;"febrero"
